"Family","Type","Method","File","Line","Route"
"account","PEGGCEDHBOF","RecRoom.Async.IPromise`1<CCEOLAOLEKJ> NFKMGNHDCMN(System.Int32 GKLPIFBPGOD)","PEGGCEDHBOF.txt","3934","account/{0}"
"account","PEGGCEDHBOF","RecRoom.Async.IPromise`1<FKNGFLFDIIB> GBLAOEFPDAH(System.Int32 GKLPIFBPGOD)","PEGGCEDHBOF.txt","7866","account/{0}/bio"
"account","PEGGCEDHBOF+<>c","System.Void <ChangeBio>b__67_0()","PEGGCEDHBOF_NestedType___c.txt","587","account/{0}/bio"
"account","JDJGIBLMFKK","RecRoom.Async.IPromise`1<System.Collections.Generic.List`1<PLILLKHMNDA>> KGGMKBADLDM(System.Int32 GKLPIFBPGOD)","JDJGIBLMFKK.txt","9580","account/{0}/clubs"
"account","PEGGCEDHBOF","RecRoom.Async.IPromise`1<System.Collections.Generic.List`1<CCEOLAOLEKJ>> NHCHADDMPFC(System.Collections.Generic.List`1<System.Int32> ILNGMAANNDG)","PEGGCEDHBOF.txt","4917","account/bulk"
"account","PEGGCEDHBOF","RecRoom.Async.IPromise`1<System.Collections.Generic.List`1<CCEOLAOLEKJ>> NHCHADDMPFC(System.Collections.Generic.List`1<System.Int32> ILNGMAANNDG)","PEGGCEDHBOF.txt","4963","account/bulk?"
"account","PEGGCEDHBOF","RecRoom.Async.IPromise`1<System.Collections.Generic.List`1<DCGAMCKNJDB>> NGENLHMLHNG(System.Collections.Generic.List`1<System.String> BGELOMIEKFK, System.String MAFJOJLDFJO, System.String LOOAPLFGOEN, System.String PJIBCCFFMNJ, GPOOLJODEGM OLBDHLLJJHF)","PEGGCEDHBOF.txt","9080","account/bulk/"
"account","PEGGCEDHBOF","RecRoom.Async.IPromise`1<CCEOLAOLEKJ> HHFPNFANNEG()","PEGGCEDHBOF.txt","5418","account/create"
"account","PEGGCEDHBOF","RecRoom.Async.IPromise`1<JJGHAFKJBEI> HJFCFNCKDFO()","PEGGCEDHBOF.txt","3576","account/me"
"account","PEGGCEDHBOF","RecRoom.Async.IPromise OEBEELJDOHE(BestHTTP.HTTPMethods APAICGIHAGJ, BestHTTP.Forms.HTTPUrlEncodedForm MDOPLMHIKLP, System.String LOOAPLFGOEN)","PEGGCEDHBOF.txt","6704","account/me/"
"account","MHOKOMMOGKM","RecRoom.Async.IPromise PGJBIIPMMJP(BestHTTP.Forms.HTTPUrlEncodedForm MDOPLMHIKLP, System.String MKIPICKCFDM)","MHOKOMMOGKM.txt","2582","account/me/changepassword"
"account","MHOKOMMOGKM","RecRoom.Async.IPromise`1<System.Boolean> PPKFJEINCCN()","MHOKOMMOGKM.txt","2203","account/me/haspassword"
"account","MHOKOMMOGKM+<>c","System.Void <CreatePassword>b__32_0()","MHOKOMMOGKM_NestedType___c.txt","584","account/me/haspassword"
"account","MHOKOMMOGKM","RecRoom.Async.IPromise PMKEHDEDNCK(System.String LJKKKECANAB)","MHOKOMMOGKM.txt","2779","account/recoverpassword"
"account","PEGGCEDHBOF","RecRoom.Async.IPromise`1<System.Collections.Generic.List`1<CCEOLAOLEKJ>> IBDGAKHBIAJ(System.String CNBKKCJAHPP)","PEGGCEDHBOF.txt","9372","account/search?name="
"activities","CardBox","RecRoom.Async.IPromise`1<System.Collections.Generic.List`1<JOHPEJAMBHG>> HMNGGFKCDGD()","CardBox.txt","2422","api/activities/charades/v1/words"
"activities","CardBox","System.Void Start()","CardBox.txt","2221","api/activities/charades/v1/words"
"activities","PDMJMMMNGJE","System.Collections.IEnumerator EOBJGALHFNP(BPHGKAEDBPE+OJDJIJDNFHE<FNEEJMCEPOL> AFLPGGJMPOE)","PDMJMMMNGJE.txt","156","api/challenge/"
"activities","PDMJMMMNGJE","System.Void EKJPOJFLGFO(System.Int32 DKDDEIHEIBL, COLBJJAIEIO FMIIMOCIHCD)","PDMJMMMNGJE.txt","395","api/challenge/"
"activities","JDFDLJJGHIP","RecRoom.Async.IPromise`1<JDFDLJJGHIP+GHNGAENLIHA> APOAEDMOIHO()","JDFDLJJGHIP.txt","266","api/royale/"
"activities","JDFDLJJGHIP","RecRoom.Async.IPromise`1<JDFDLJJGHIP+JLNAMKBKPNG> NGEFKCDJAMF(JDFDLJJGHIP+MatchCompleteStats CNALBEPOKJJ)","JDFDLJJGHIP.txt","477","api/royale/"
"avatar","NLEKGNENMCO","RecRoom.Async.IPromise PCKICLJFOBO(NLEKGNENMCO+LOCNECLOHCA HBBAANIPIMP, BPHGKAEDBPE+CBEOHBCIPEA AFLPGGJMPOE)","NLEKGNENMCO.txt","2488","{0}v2/gifts/consume/"
"avatar","NLEKGNENMCO","RecRoom.Async.IPromise DLDENNPGADN()","NLEKGNENMCO.txt","3480","api/avatar/"
"avatar","NLEKGNENMCO","RecRoom.Async.IPromise PCKICLJFOBO(NLEKGNENMCO+LOCNECLOHCA HBBAANIPIMP, BPHGKAEDBPE+CBEOHBCIPEA AFLPGGJMPOE)","NLEKGNENMCO.txt","2486","api/avatar/"
"avatar","NLEKGNENMCO","RecRoom.Async.IPromise`1<NLEKGNENMCO+LOCNECLOHCA> JEKOPJCCHKB(GiftManager+LCLKAFOPBLD LHOMKMINCHH, System.Nullable`1<GiftManager+LCLKAFOPBLD> PCCLFNLJAMG, System.Boolean DKHOCHIJLBG)","NLEKGNENMCO.txt","1504","api/avatar/"
"avatar","NLEKGNENMCO","RecRoom.Async.IPromise`1<NLEKGNENMCO+LOCNECLOHCA> JEKOPJCCHKB(GiftManager+LCLKAFOPBLD LHOMKMINCHH)","NLEKGNENMCO.txt","1794","api/avatar/"
"avatar","NLEKGNENMCO","RecRoom.Async.IPromise`1<System.Collections.Generic.List`1<NLEKGNENMCO+LOCNECLOHCA>> EPOGKGLKJHD()","NLEKGNENMCO.txt","1226","api/avatar/"
"avatar","NLEKGNENMCO","System.Collections.IEnumerator FHJKJMFABGK(BPHGKAEDBPE+CBEOHBCIPEA AFLPGGJMPOE)","NLEKGNENMCO.txt","3101","api/avatar/"
"avatar","NLEKGNENMCO","System.Collections.IEnumerator KLHANCHHJBD(CDNNKFCCONN GKDEAOJLJFI, BPHGKAEDBPE+CBEOHBCIPEA AFLPGGJMPOE)","NLEKGNENMCO.txt","3229","api/avatar/"
"avatar","NLEKGNENMCO","System.Void OFJLGPLDEKJ()","NLEKGNENMCO.txt","3748","api/avatar/"
"avatar","NLEKGNENMCO+LFBBKJKCJFF","System.Boolean MoveNext()","NLEKGNENMCO_NestedType_LFBBKJKCJFF.txt","147","api/avatar/"
"avatar","NLEKGNENMCO","RecRoom.Async.IPromise`1<System.Collections.Generic.List`1<NLEKGNENMCO+EPFHLDCPAOK>> KLPMNFCFOLE(System.Collections.Generic.List`1<System.String> EGLBFNGKDLD)","NLEKGNENMCO.txt","2931","api/avatar/v1/lockeditems?"
"bug-reporting","RecNet.BugReporting","RecRoom.Async.IPromise ReportBug(System.String summary, System.String description, System.Byte[] screenshotData, System.Byte[] outputLogData, System.String testCaseKey)","RecNet\BugReporting.txt","146","api/bugreporting/"
"clubs","GNPDMBPGHBH","System.String JDEIGGFCBPF(System.Int64 AOMBLGBCENO)","GNPDMBPGHBH.txt","630","{0}/club/{1}"
"clubs","JDJGIBLMFKK","RecRoom.Async.IPromise`1<HPACLJHLHBG> ONCKANJNGLA(System.Int64 AOMBLGBCENO)","JDJGIBLMFKK.txt","1167","announcements/club/{0}"
"clubs","JDJGIBLMFKK","RecRoom.Async.IPromise`1<System.Int64> AAOLBAJFCOJ(JDJGIBLMFKK+DHPONMGBFJE JMFLHIIJFKL)","JDJGIBLMFKK.txt","398","announcements/club/{0}"
"clubs","JDJGIBLMFKK","RecRoom.Async.IPromise HCGFMHLEDPE(System.Int64 AOMBLGBCENO, System.Int64 LOHFFDEGIMK)","JDJGIBLMFKK.txt","2462","announcements/club/{0}/{1}"
"clubs","JDJGIBLMFKK","RecRoom.Async.IPromise POHLPICNHJD(JDJGIBLMFKK+FOEPIDJCLMC JMFLHIIJFKL)","JDJGIBLMFKK.txt","789","announcements/club/{0}/{1}"
"clubs","JDJGIBLMFKK","RecRoom.Async.IPromise OFBNAHIOHON(System.Int64 AOMBLGBCENO, System.Int64 LOHFFDEGIMK)","JDJGIBLMFKK.txt","2865","announcements/club/{0}/{1}/read"
"clubs","JDJGIBLMFKK","RecRoom.Async.IPromise LBOOMIDNLPP(System.Int64 AOMBLGBCENO, LCCEEFHOBEN+CJFENPHAAHI MEABFEIBEMP, System.String EFDBFLPKHKA)","JDJGIBLMFKK.txt","21791","api/clubreporting/v1/report"
"clubs","JDJGIBLMFKK","RecRoom.Async.IPromise IGHDIAEPHJD(System.Int64 AOMBLGBCENO, System.String DHANCEHHIDH)","JDJGIBLMFKK.txt","13088","club/{0}"
"clubs","JDJGIBLMFKK","RecRoom.Async.IPromise`1<PLILLKHMNDA> NKGOFNILGPL(System.Int64 AOMBLGBCENO, System.Boolean OHLIGBELLLH = True)","JDJGIBLMFKK.txt","10425","club/{0}"
"clubs","JDJGIBLMFKK","RecRoom.Async.IPromise`1<PIHMJGCGNLP> ELLIKHHEJFM(System.Int64 AOMBLGBCENO, System.Int32 EFBDCIJMFGD, System.String HFLPBHHAFIO)","JDJGIBLMFKK.txt","12298","club/{0}/additionalimage/{1}"
"clubs","JDJGIBLMFKK","RecRoom.Async.IPromise`1<PIHMJGCGNLP> HELJLMINDFD(System.Int64 AOMBLGBCENO, System.Nullable`1<System.Int64> HNHLJONGKHB)","JDJGIBLMFKK.txt","12449","club/{0}/clubhouse"
"clubs","JDJGIBLMFKK+BKCHBCIJHBN","RecRoom.Async.IPromise`1<PIHMJGCGNLP> <GetClubDetailsById>b__0()","JDJGIBLMFKK_NestedType_BKCHBCIJHBN.txt","202","club/{0}/details"
"clubs","JDJGIBLMFKK","RecRoom.Async.IPromise`1<PIHMJGCGNLP> OBFKAFGALDM(System.Int64 AOMBLGBCENO, System.String HFLPBHHAFIO)","JDJGIBLMFKK.txt","12138","club/{0}/mainimage"
"clubs","JDJGIBLMFKK","RecRoom.Async.IPromise`1<MFOAODGNGKB> BIOJPNFPNCE(System.Int64 AOMBLGBCENO, System.Int32 GKLPIFBPGOD)","JDJGIBLMFKK.txt","15776","club/{0}/members/{1}"
"clubs","JDGDFALBCDJ","RecRoom.Async.IPromise HHLPPOBHMOC()","JDGDFALBCDJ.txt","426","club/{0}/members/acceptinvite"
"clubs","JDJGIBLMFKK","RecRoom.Async.IPromise FAOINNCBNFC(System.Int64 AOMBLGBCENO)","JDJGIBLMFKK.txt","20586","club/{0}/members/acceptinvite"
"clubs","JDJGIBLMFKK","RecRoom.Async.IPromise AGEGBKKPJNN(System.Int64 AOMBLGBCENO, System.Int32 GKLPIFBPGOD)","JDJGIBLMFKK.txt","18418","club/{0}/members/acceptrequest"
"clubs","JDJGIBLMFKK","RecRoom.Async.IPromise FKPIMLCILLI(System.Int64 AOMBLGBCENO, System.Collections.Generic.IEnumerable`1<System.Int32> ILNGMAANNDG)","JDJGIBLMFKK.txt","18831","club/{0}/members/acceptrequests"
"clubs","JDJGIBLMFKK","RecRoom.Async.IPromise OKICAHCMPFL(System.Int64 AOMBLGBCENO, System.Int32 GKLPIFBPGOD)","JDJGIBLMFKK.txt","21265","club/{0}/members/ban"
"clubs","JDJGIBLMFKK","RecRoom.Async.IPromise JLBCCEIBFJJ(System.Int64 AOMBLGBCENO, System.Int32 GKLPIFBPGOD, PPGPAHNMGEC OCHEGLOFMEA)","JDJGIBLMFKK.txt","21094","club/{0}/members/changetype"
"clubs","JDGDFALBCDJ","RecRoom.Async.IPromise BDFBMBCKJEP()","JDGDFALBCDJ.txt","697","club/{0}/members/declineinvite"
"clubs","JDJGIBLMFKK","RecRoom.Async.IPromise GJJBKCEMLDC(System.Int64 AOMBLGBCENO)","JDJGIBLMFKK.txt","20675","club/{0}/members/declineinvite"
"clubs","JDJGIBLMFKK","RecRoom.Async.IPromise LPCHODIHIBB(System.Int64 AOMBLGBCENO, System.Int32 GKLPIFBPGOD)","JDJGIBLMFKK.txt","19048","club/{0}/members/denyrequest"
"clubs","JDJGIBLMFKK","RecRoom.Async.IPromise CJBOECCIIJB(System.Int64 AOMBLGBCENO, System.Collections.Generic.IEnumerable`1<System.Int32> ILNGMAANNDG)","JDJGIBLMFKK.txt","19461","club/{0}/members/denyrequests"
"clubs","JDJGIBLMFKK","RecRoom.Async.IPromise AJCDOLIBBKC(System.Int64 AOMBLGBCENO, PJCALHOPMKJ IEGCAIGJBBP, System.Int32 ENGEEKIMIGO)","JDJGIBLMFKK.txt","20450","club/{0}/members/directJoin"
"clubs","JDJGIBLMFKK","RecRoom.Async.IPromise FEIADJMHICD(System.Int64 AOMBLGBCENO, System.Int32 GKLPIFBPGOD, PPGPAHNMGEC PGMGFKOCEDG)","JDJGIBLMFKK.txt","19703","club/{0}/members/invite"
"clubs","JDJGIBLMFKK","RecRoom.Async.IPromise HOHPKNPHCFK(System.Int64 AOMBLGBCENO, System.Collections.Generic.List`1<System.Int32> ILNGMAANNDG, OFIEEDOMGPA NAMECJCFEDN)","JDJGIBLMFKK.txt","20070","club/{0}/members/invitemembers"
"clubs","JDJGIBLMFKK","RecRoom.Async.IPromise EBADBEIGOEN(System.Int64 AOMBLGBCENO)","JDJGIBLMFKK.txt","20745","club/{0}/members/leave"
"clubs","JDJGIBLMFKK","RecRoom.Async.IPromise LDOGPIHJOLP(System.Int64 AOMBLGBCENO, System.Int32 GKLPIFBPGOD)","JDJGIBLMFKK.txt","20895","club/{0}/members/remove"
"clubs","JDJGIBLMFKK","RecRoom.Async.IPromise NJKBIMEEAPE(System.Int64 AOMBLGBCENO)","JDJGIBLMFKK.txt","18249","club/{0}/members/requesttojoin"
"clubs","JDJGIBLMFKK","RecRoom.Async.IPromise OGMGOBHPMFC(System.Int64 AOMBLGBCENO, System.Int32 GKLPIFBPGOD)","JDJGIBLMFKK.txt","21435","club/{0}/members/unban"
"clubs","JDJGIBLMFKK","RecRoom.Async.IPromise`1<PIHMJGCGNLP> CKJIKPOIMFE(JDJGIBLMFKK+ACNILMIFDJJ JMFLHIIJFKL)","JDJGIBLMFKK.txt","11620","club/{0}/modify"
"clubs","JDJGIBLMFKK","RecRoom.Async.IPromise`1<PIHMJGCGNLP> KOPAANDJNKB(JDJGIBLMFKK+FHFOCPGBMPB JMFLHIIJFKL)","JDJGIBLMFKK.txt","12001","club/{0}/modifydetails"
"clubs","JDJGIBLMFKK","RecRoom.Async.IPromise`1<PIHMJGCGNLP> GHBJEDCEKLK(JHEEFBMODPG OBJEOMAGODL)","JDJGIBLMFKK.txt","13631","club/{0}/permissions/{1}"
"clubs","JDJGIBLMFKK","RecRoom.Async.IPromise`1<System.Collections.Generic.List`1<PLILLKHMNDA>> DIAPLKMFFKO(System.Int32 GKLPIFBPGOD)","JDJGIBLMFKK.txt","9416","club/account/{0}/created"
"clubs","JDJGIBLMFKK","System.String JANFGLBCBMJ(System.Int32 GKLPIFBPGOD)","JDJGIBLMFKK.txt","7880","club/account/{0}/created"
"clubs","JDJGIBLMFKK","System.Void PJBLNGJKLEB(System.Int64 AOMBLGBCENO)","JDJGIBLMFKK.txt","26175","club/account/{0}/created"
"clubs","JDJGIBLMFKK","RecRoom.Async.IPromise`1<System.Collections.Generic.List`1<System.String>> PAKNBFOJENP()","JDJGIBLMFKK.txt","13314","club/categoryTags"
"clubs","JDJGIBLMFKK","RecRoom.Async.IPromise`1<PIHMJGCGNLP> KMPJFFBGJMD(JDJGIBLMFKK+ACNILMIFDJJ JMFLHIIJFKL)","JDJGIBLMFKK.txt","11381","club/create"
"clubs","JDJGIBLMFKK","RecRoom.Async.IPromise`1<PLILLKHMNDA> DBDOOMCNNFE()","JDJGIBLMFKK.txt","10003","club/home/me"
"clubs","JDJGIBLMFKK+<>c","System.Void <SetMyHomeClub>b__106_0()","JDJGIBLMFKK_NestedType___c.txt","995","club/home/me"
"clubs","JDJGIBLMFKK+<>c","System.Void <SetMyHomeClub>b__106_2()","JDJGIBLMFKK_NestedType___c.txt","954","club/home/me"
"clubs","JDJGIBLMFKK","RecRoom.Async.IPromise`1<System.Collections.Generic.List`1<PLILLKHMNDA>> LJJLGJIMJED()","JDJGIBLMFKK.txt","9275","club/mine/created"
"clubs","JDJGIBLMFKK","System.Void PJBLNGJKLEB(System.Int64 AOMBLGBCENO)","JDJGIBLMFKK.txt","26134","club/mine/created"
"clubs","JDJGIBLMFKK","System.Void PJBLNGJKLEB(System.Int64 AOMBLGBCENO)","JDJGIBLMFKK.txt","26326","club/mine/created"
"clubs","JDJGIBLMFKK","RecRoom.Async.IPromise`1<System.Collections.Generic.List`1<PLILLKHMNDA>> DFDMGNBKEKO()","JDJGIBLMFKK.txt","9817","club/mine/member"
"clubs","JDJGIBLMFKK","System.Void PJBLNGJKLEB(System.Int64 AOMBLGBCENO)","JDJGIBLMFKK.txt","26194","club/mine/member"
"clubs","JDJGIBLMFKK","System.Void PJBLNGJKLEB(System.Int64 AOMBLGBCENO)","JDJGIBLMFKK.txt","26330","club/mine/member"
"clubs","JDJGIBLMFKK","RecRoom.Async.IPromise`1<System.Collections.Generic.List`1<JHMMGLNJHIB>> DDIJPHDEDDM(System.Int64 AOMBLGBCENO, System.Collections.Generic.List`1<System.Int32> ILNGMAANNDG)","JDJGIBLMFKK.txt","16847","members/bulk"
"clubs","JDJGIBLMFKK","RecRoom.Async.IPromise`1<System.Collections.Generic.List`1<JHMMGLNJHIB>> DDIJPHDEDDM(System.Int64 AOMBLGBCENO, System.Collections.Generic.List`1<System.Int32> ILNGMAANNDG)","JDJGIBLMFKK.txt","16893","members/bulk?"
"config-settings","FHLGJDFHOKL","RecRoom.Async.IPromise MCDNGDMJHBE()","FHLGJDFHOKL.txt","502","/config/{0}"
"config-settings","BBEFMHAEEEA","RecRoom.Async.IPromise BGNDHOHFJBN()","BBEFMHAEEEA.txt","950","api/config/"
"config-settings","BBEFMHAEEEA","RecRoom.Async.IPromise OHHAEMHMIFE()","BBEFMHAEEEA.txt","655","api/config/"
"config-settings","BBEFMHAEEEA","RecRoom.Async.IPromise`1<System.Collections.Generic.List`1<FPDADCNKELI>> EAJPLMPNPIJ(System.Int32 CKEBCMEKCJH)","BBEFMHAEEEA.txt","1147","api/config/"
"config-settings","BBEFMHAEEEA","RecRoom.Async.IPromise`1<System.Boolean> GMOMCLADPII()","BBEFMHAEEEA.txt","1230","api/config/v1/freegiftbutton"
"config-settings","IGCCFMFHBBN","System.Void .cctor()","IGCCFMFHBBN.txt","1921","api/gameconfigs/"
"config-settings","JFDILELKPAL","RecRoom.Async.IPromise`1<System.Collections.Generic.List`1<OHLKCDKEGMN>> HOHPJKNPEGK()","JFDILELKPAL.txt","48","api/settings/"
"config-settings","JFDILELKPAL","System.Collections.IEnumerator LHGBAFBJAHM(OHLKCDKEGMN AOKDECDAEEG, BPHGKAEDBPE+OJDJIJDNFHE<JFDILELKPAL+AMPGJPPJJBF> AFLPGGJMPOE)","JFDILELKPAL.txt","224","api/settings/"
"economy","FOEHJBDMMBH","System.Collections.IEnumerator LCELAOEOIJO(OOCCCGPICOG BAJGNABECMN, System.Int32 FKKAPHAMPMG, BPHGKAEDBPE+CBEOHBCIPEA AFLPGGJMPOE)","FOEHJBDMMBH.txt","840","{0}v1/consume"
"economy","COFHGNFJMOG","RecRoom.Async.IPromise`1<PLDFOPCHHJG> HDLJGFEDGLH(System.String ENJEOLBEALP, System.Nullable`1<System.Int32> LNBJKLOINED)","COFHGNFJMOG.txt","1242","/consume"
"economy","COICJCJBABL","RecRoom.Async.IPromise AOJJODPOJFO()","COICJCJBABL.txt","520","api/gamerewards/v1/pending"
"economy","COICJCJBABL","RecRoom.Async.IPromise ONNNOAKDIIP(COICJCJBABL+HNJGHCGJJFC FDAEIMEHDJJ, System.Int32 IAAKEHDHCAC)","COICJCJBABL.txt","1055","api/gamerewards/v1/select"
"economy","COFHGNFJMOG","RecRoom.Async.IPromise`1<MPHABHIMOOO> LFHFLODHPJJ()","COFHGNFJMOG.txt","95","pageview/consume"
"elo","RecNet.Elo","System.Void UpdatePlayersElo(RecNet.Elo+PlayersEloUpdateDTO JFKDDPJDCDC)","RecNet\Elo.txt","141","api/PlayerElo/"
"equipment","ECINAMCDBJO","System.Void EEDJOJINECJ()","ECINAMCDBJO.txt","468","api/equipment/"
"equipment","ECINAMCDBJO+GPBDCOCADGE","System.Boolean MoveNext()","ECINAMCDBJO_NestedType_GPBDCOCADGE.txt","147","api/equipment/"
"groups","EJECIMCPGMG","RecRoom.Async.IPromise`1<OGKIDDEAFND> CCDHCLAOFOJ(System.Int64 BCNAOOIPEJO)","EJECIMCPGMG.txt","337","api/groups/"
"groups","EJECIMCPGMG","RecRoom.Async.IPromise`1<OGKIDDEAFND> PDJKECHIHNP(System.Int64 CJFGEMGOJHB)","EJECIMCPGMG.txt","555","api/groups/"
"groups","EJECIMCPGMG","System.Collections.IEnumerator JAHJIFFICHN(System.String NDNLEGKJGCD, System.String LJIGOCDPEJF, System.String HFLPBHHAFIO, BPHGKAEDBPE+OJDJIJDNFHE<EJECIMCPGMG+CreateModifyGroupResponse> AFLPGGJMPOE)","EJECIMCPGMG.txt","803","api/groups/"
"groups","EJECIMCPGMG","System.Collections.IEnumerator JELCDBGNAHK(System.Int64 BCNAOOIPEJO, BPHGKAEDBPE+OJDJIJDNFHE<OGKIDDEAFND> AFLPGGJMPOE)","EJECIMCPGMG.txt","1213","api/groups/"
"groups","EJECIMCPGMG","System.Collections.IEnumerator KBHKIILLNAC(System.Int64 BCNAOOIPEJO, BPHGKAEDBPE+OJDJIJDNFHE<EJECIMCPGMG+StatusResponse> AFLPGGJMPOE)","EJECIMCPGMG.txt","1040","api/groups/"
"groups","EJECIMCPGMG","System.Collections.IEnumerator NJFPGHDIANJ(System.String NDNLEGKJGCD, BPHGKAEDBPE+OJDJIJDNFHE<OGKIDDEAFND> AFLPGGJMPOE)","EJECIMCPGMG.txt","1336","api/groups/"
"images","OHDHPENHDAP","RecRoom.Async.IPromise BFHNENPOEFB(System.Int64 LKNNMPCBCKM, System.Boolean JBAGLLBLEEN)","OHDHPENHDAP.txt","1571","api/images/"
"images","OHDHPENHDAP","RecRoom.Async.IPromise FEOMMGBJFIN(System.Int64 LKNNMPCBCKM)","OHDHPENHDAP.txt","2387","api/images/"
"images","OHDHPENHDAP","RecRoom.Async.IPromise OFEBNGPIJMB()","OHDHPENHDAP.txt","4467","api/images/"
"images","OHDHPENHDAP","RecRoom.Async.IPromise`1<OHDHPENHDAP+OHGBAPBECNM> KIIGBNCPAGC()","OHDHPENHDAP.txt","4847","api/images/"
"images","OHDHPENHDAP","RecRoom.Async.IPromise`1<System.Collections.Generic.List`1<OHDHPENHDAP+IBANLCLBGLM>> NAMIJGLEPMH(System.Int64 HNHLJONGKHB, OHDHPENHDAP+ALLECIACGAH ECENAMEKNEH, OHDHPENHDAP+OGDBPFGJMOO MOIMCDPIPOL, System.Nullable`1<System.Int32> KKDPFGADCEK, System.Nullable`1<System.Int32> MADNOGDODFA)","OHDHPENHDAP.txt","5403","api/images/"
"images","OHDHPENHDAP","RecRoom.Async.IPromise`1<System.String> MPNCIPABNKC(System.Byte[] IJKBAADKCBM, OHDHPENHDAP+SavedImageMetaDTO FIBFIEEBFIL)","OHDHPENHDAP.txt","787","api/images/"
"images","OHDHPENHDAP","System.Collections.IEnumerator BEPFIALDMHK(BPHGKAEDBPE+OJDJIJDNFHE<System.Collections.Generic.List`1<System.String>> AFLPGGJMPOE)","OHDHPENHDAP.txt","394","api/images/"
"images","OHDHPENHDAP","System.Collections.IEnumerator EFGBDOJHLCE(System.String HFLPBHHAFIO, OHDHPENHDAP+IMKNMFOOLGF PONCIIJOHIE, BPHGKAEDBPE+CBEOHBCIPEA AFLPGGJMPOE = null)","OHDHPENHDAP.txt","1203","api/images/"
"images","OHDHPENHDAP","System.Collections.IEnumerator GLPDDNENLHN(System.String HFLPBHHAFIO, BPHGKAEDBPE+CBEOHBCIPEA AFLPGGJMPOE = null)","OHDHPENHDAP.txt","1427","api/images/"
"images","OHDHPENHDAP","System.Collections.IEnumerator JPDBMCKFKLA(System.String HFLPBHHAFIO, BPHGKAEDBPE+CBEOHBCIPEA AFLPGGJMPOE = null)","OHDHPENHDAP.txt","1316","api/images/"
"inventions","BBHENFCNLAB","RecRoom.Async.IPromise`1<AHEPPAEOLOD> ANJHOOPIAKM(System.Int64 OEMDIAHHILF, System.Boolean JBAGLLBLEEN)","BBHENFCNLAB.txt","7610","api/inventions/"
"inventions","BBHENFCNLAB","RecRoom.Async.IPromise`1<AHEPPAEOLOD> BEPNJCGNIKA(System.Int64 OEMDIAHHILF, HECIICKPCDN AEHDODIANMG, System.Nullable`1<System.Int32> MACNIENMFHJ = null)","BBHENFCNLAB.txt","6169","api/inventions/"
"inventions","BBHENFCNLAB","RecRoom.Async.IPromise`1<AHEPPAEOLOD> HDFICFBNFOK(System.Int64 OEMDIAHHILF, System.Int32 MACNIENMFHJ)","BBHENFCNLAB.txt","6479","api/inventions/"
"inventions","BBHENFCNLAB","RecRoom.Async.IPromise`1<AHEPPAEOLOD> HELBOGAPCKE(OBBBPCBIMME LDNFNNNHPPB)","BBHENFCNLAB.txt","5990","api/inventions/"
"inventions","BBHENFCNLAB","RecRoom.Async.IPromise`1<AHEPPAEOLOD> MEIJBGBINLO(System.Int64 OEMDIAHHILF)","BBHENFCNLAB.txt","6327","api/inventions/"
"inventions","BBHENFCNLAB","RecRoom.Async.IPromise`1<AHEPPAEOLOD> NNDFHPLBNEN(System.Int64 OEMDIAHHILF, System.String LJIGOCDPEJF)","BBHENFCNLAB.txt","1731","api/inventions/"
"inventions","BBHENFCNLAB","RecRoom.Async.IPromise`1<AHEPPAEOLOD> OCBDPGLHIJL(System.Int64 OEMDIAHHILF, HECIICKPCDN ODABIMLCOIP)","BBHENFCNLAB.txt","2123","api/inventions/"
"inventions","BBHENFCNLAB","RecRoom.Async.IPromise`1<AHEPPAEOLOD> ONLOPCCOFMM(System.Int64 OEMDIAHHILF, System.String DLFBBIAHDMO)","BBHENFCNLAB.txt","1927","api/inventions/"
"inventions","BBHENFCNLAB","RecRoom.Async.IPromise`1<AHEPPAEOLOD> PONHAAALIGM(System.Int64 OEMDIAHHILF, System.String MMBOKOLAJFH)","BBHENFCNLAB.txt","1533","api/inventions/"
"inventions","BBHENFCNLAB","RecRoom.Async.IPromise`1<HJPDBNLCGIB> IIPHPOBADGF(System.Int64 OEMDIAHHILF)","BBHENFCNLAB.txt","3629","api/inventions/"
"inventions","BBHENFCNLAB","RecRoom.Async.IPromise`1<KLAMKCBENEA> BGDGKHPGEHK(System.Int64 OEMDIAHHILF, FDEGHHFBJJO MEABFEIBEMP, System.String EFDBFLPKHKA)","BBHENFCNLAB.txt","7417","api/inventions/"
"inventions","BBHENFCNLAB","RecRoom.Async.IPromise`1<NJMAEIPIOAP> LGFHMMCICNF(System.Int64 OEMDIAHHILF, System.Collections.Generic.List`1<System.String> LBAOCHFCLPO, System.Collections.Generic.List`1<System.String> NOLONFFJNPA)","BBHENFCNLAB.txt","2353","api/inventions/"
"inventions","BBHENFCNLAB","RecRoom.Async.IPromise`1<OBBBPCBIMME> FDEMGICNKPI(System.Int64 OEMDIAHHILF)","BBHENFCNLAB.txt","3127","api/inventions/"
"inventions","BBHENFCNLAB","RecRoom.Async.IPromise`1<OEGPIPBKHCN> IGFBODDECPK(System.Int64 OEMDIAHHILF)","BBHENFCNLAB.txt","5821","api/inventions/"
"inventions","BBHENFCNLAB","RecRoom.Async.IPromise`1<System.Collections.Generic.List`1<NEFHINKECJJ>> OFPICHENKNL(System.Int64 OEMDIAHHILF)","BBHENFCNLAB.txt","4782","api/inventions/"
"inventions","BBHENFCNLAB","RecRoom.Async.IPromise`1<System.Collections.Generic.List`1<OBBBPCBIMME>> CKGFHIMCOHI(System.String DFAMLDBFENB)","BBHENFCNLAB.txt","7207","api/inventions/"
"inventions","BBHENFCNLAB","RecRoom.Async.IPromise`1<System.Collections.Generic.List`1<OBBBPCBIMME>> CKGFHIMCOHI(System.String DFAMLDBFENB)","BBHENFCNLAB.txt","7213","api/inventions/"
"inventions","BBHENFCNLAB","RecRoom.Async.IPromise`1<System.Collections.Generic.List`1<OBBBPCBIMME>> FDABNLEFMKM(System.Int64 HNHLJONGKHB)","BBHENFCNLAB.txt","5140","api/inventions/"
"inventions","BBHENFCNLAB","RecRoom.Async.IPromise`1<System.Collections.Generic.List`1<OBBBPCBIMME>> JLGCBDHFIBH(System.Collections.Generic.List`1<System.Int64> POGCOENDJDJ)","BBHENFCNLAB.txt","3371","api/inventions/"
"inventions","BBHENFCNLAB","RecRoom.Async.IPromise`1<System.Collections.Generic.List`1<System.String>> LIPBAJOAIJC(BBHENFCNLAB+IBIIKANECFA KINAEJLCDEG)","BBHENFCNLAB.txt","5586","api/inventions/"
"inventions","BBHENFCNLAB","System.Boolean JDBIJGFEJAM(System.Int64 OEMDIAHHILF)","BBHENFCNLAB.txt","10717","api/inventions/"
"inventions","BBHENFCNLAB","System.String HFIOIJPLLDP(System.Int64 OEMDIAHHILF)","BBHENFCNLAB.txt","41","api/inventions/"
"inventions","BBHENFCNLAB","System.String HIGLOHHJDBN(System.Int64 HNHLJONGKHB)","BBHENFCNLAB.txt","4912","api/inventions/"
"inventions","BBHENFCNLAB","System.String KKGEAELNFCK(System.Int64 OEMDIAHHILF)","BBHENFCNLAB.txt","89","api/inventions/"
"inventions","BBHENFCNLAB","System.String PAMAJCIBNDP(System.Int64 OEMDIAHHILF, System.Int32 INKNNJHDIFD)","BBHENFCNLAB.txt","11125","api/inventions/"
"inventions","BBHENFCNLAB","System.Void .cctor()","BBHENFCNLAB.txt","11687","api/inventions/"
"inventions","BBHENFCNLAB","System.Void KJMGMEKAEFF(System.Int64 HNHLJONGKHB)","BBHENFCNLAB.txt","4992","api/inventions/"
"inventions","BBHENFCNLAB","System.Void LBGHAEMBHHA(System.Int64 OEMDIAHHILF)","BBHENFCNLAB.txt","3891","api/inventions/"
"inventions","BBHENFCNLAB","System.Void LPIPNOFPFEP(System.Int64 OEMDIAHHILF, System.Collections.Generic.List`1<System.String> LBAOCHFCLPO)","BBHENFCNLAB.txt","11351","api/inventions/"
"inventions","BBHENFCNLAB","RecRoom.Async.IPromise`1<System.Boolean> DEOOEGHNIAJ(System.Collections.Generic.List`1<System.Int64> POGCOENDJDJ)","BBHENFCNLAB.txt","7823","api/inventions/v1/fulllineageowner?"
"inventions","BBHENFCNLAB+OIJIEFMJMKO","RecRoom.Async.IPromise`1<AHEPPAEOLOD> <AddInventionVersion>b__0(System.String filename)","BBHENFCNLAB_NestedType_OIJIEFMJMKO.txt","216","api/inventions/v3/addversion"
"inventions","BBHENFCNLAB+FODDLIKPKPE","RecRoom.Async.IPromise`1<AHEPPAEOLOD> <UploadNewInvention>b__0(System.String filename)","BBHENFCNLAB_NestedType_FODDLIKPKPE.txt","250","api/inventions/v4/save"
"matchmaking","RecNet.Matchmaking","RecRoom.Async.IPromise`1<RecNet.Matchmaking+MHCKNNJOIIP> IIDEDGKAGOE(PLILLKHMNDA EGLGJIONCCP, System.Int32[] DKFBAOLAEFE = null, System.Boolean KJHCANCBKAL = False)","RecNet\Matchmaking.txt","8847","goto/club/{0}"
"matchmaking","RecNet.Matchmaking","RecRoom.Async.IPromise`1<RecNet.Matchmaking+MHCKNNJOIIP> FBLFCNDIPMP(System.String BFGCDJFNJLE, System.String KIIFGNILJEA, System.Int32[] DKFBAOLAEFE = null, System.Boolean KJHCANCBKAL = True, System.Boolean PBCPIEHFDBH = False)","RecNet\Matchmaking.txt","8226","goto/code/"
"matchmaking","RecNet.Matchmaking","RecRoom.Async.IPromise`1<RecNet.Matchmaking+MHCKNNJOIIP> MLIILFNOOOK(CCMBKDINCAH IAALIIFNHNP, System.Int32[] DKFBAOLAEFE = null, System.Boolean KJHCANCBKAL = False)","RecNet\Matchmaking.txt","8737","goto/event/{0}"
"matchmaking","RecNet.Matchmaking","RecRoom.Async.IPromise`1<RecNet.Matchmaking+MHCKNNJOIIP> MGKFDNPCDBP(System.Int64 ANAPBECHGLI, System.Int32[] DKFBAOLAEFE = null, System.Boolean KJHCANCBKAL = False, System.String APJJOJMDLNP = null)","RecNet\Matchmaking.txt","9156","goto/instance/{0}"
"matchmaking","RecNet.Matchmaking","RecRoom.Async.IPromise`1<RecNet.Matchmaking+MHCKNNJOIIP> ALCJNMAOIGH(System.Int64 IAHDKAIJJLB, System.Int64 HNHLJONGKHB, System.Int32[] DKFBAOLAEFE = null, System.Boolean KJHCANCBKAL = False)","RecNet\Matchmaking.txt","9294","goto/invite/{0}"
"matchmaking","RecNet.Matchmaking","RecRoom.Async.IPromise OAHNGAMAPNB()","RecNet\Matchmaking.txt","10314","goto/none"
"matchmaking","RecNet.Matchmaking","RecRoom.Async.IPromise`1<RecNet.Matchmaking+MHCKNNJOIIP> IMMCGNNPIAD(System.Int32 CJFGEMGOJHB, System.Int32[] DKFBAOLAEFE = null, System.Boolean KJHCANCBKAL = False)","RecNet\Matchmaking.txt","8980","goto/player/{0}"
"matchmaking","RecNet.Matchmaking","RecRoom.Async.IPromise`1<RecNet.Matchmaking+MHCKNNJOIIP> NDKKNPMAGNK(System.String APJJOJMDLNP, System.Boolean OFFEBBLOEJA = False, System.Int32[] DKFBAOLAEFE = null, System.Boolean KJHCANCBKAL = False)","RecNet\Matchmaking.txt","8050","goto/playlist/"
"matchmaking","RecNet.Matchmaking","RecRoom.Async.IPromise`1<RecNet.Matchmaking+MHCKNNJOIIP> GDCFFOJEIMD()","RecNet\Matchmaking.txt","7509","goto/room/"
"matchmaking","RecNet.Matchmaking","RecRoom.Async.IPromise`1<RecNet.Matchmaking+MHCKNNJOIIP> ILPIDHICKMB(System.String BFGCDJFNJLE, System.Boolean OFFEBBLOEJA = False, System.Int32[] DKFBAOLAEFE = null, System.Boolean KJHCANCBKAL = False, System.String APJJOJMDLNP = null, System.Boolean PBCPIEHFDBH = False)","RecNet\Matchmaking.txt","8426","goto/room/"
"matchmaking","RecNet.Matchmaking","RecRoom.Async.IPromise`1<RecNet.Matchmaking+MHCKNNJOIIP> JLMFIHJLNBL(System.String HFDPAGDDNDE, System.Int32[] DKFBAOLAEFE, System.Boolean PBCPIEHFDBH, System.Boolean KJHCANCBKAL, System.Boolean ALOAFENOBGN)","RecNet\Matchmaking.txt","7882","goto/room/"
"matchmaking","RecNet.Matchmaking","RecRoom.Async.IPromise`1<RecNet.Matchmaking+MHCKNNJOIIP> KNCHJJDKJGK(System.String BFGCDJFNJLE, System.String HFDPAGDDNDE, RecNet.Matchmaking+GIJOGKJCEKG MIAGCJJACCL = 0, System.Int32[] DKFBAOLAEFE = null, System.Boolean PBCPIEHFDBH = False, System.Boolean KJHCANCBKAL = False, System.String APJJOJMDLNP = null)","RecNet\Matchmaking.txt","8632","goto/room/"
"matchmaking","RecNet.Matchmaking","RecRoom.Async.IPromise`1<System.Collections.Generic.List`1<JHNOAKDOMHG>> KFMFHGLEGHF(System.Int64 HNHLJONGKHB)","RecNet\Matchmaking.txt","10726","room/{0}/instances"
"messages","KEBJPIGKGOI","RecRoom.Async.IPromise JHJDMMLABCG()","KEBJPIGKGOI.txt","1297","api/messages/"
"messages","KEBJPIGKGOI","RecRoom.Async.IPromise MPLDGJCCIMN(System.Int64 CJFGEMGOJHB, IGCIBGKPPMO+BBELBJELLHN JMDIPDGMIOG, System.String ABADFLCBFIJ, System.Nullable`1<System.Int64> HNHLJONGKHB)","KEBJPIGKGOI.txt","2653","api/messages/"
"messages","KEBJPIGKGOI","RecRoom.Async.IPromise`1<DIBODMEJOPN> IIHKDEGDMEA()","KEBJPIGKGOI.txt","6118","api/messages/"
"messages","KEBJPIGKGOI","System.Collections.IEnumerator JFAMBLHIACA(System.Collections.Generic.List`1<System.Int64> FNNIKBKHAFN, BPHGKAEDBPE+CBEOHBCIPEA AFLPGGJMPOE = null)","KEBJPIGKGOI.txt","1476","api/messages/"
"messages","KEBJPIGKGOI","System.Collections.IEnumerator MGIABJDLBED(System.Collections.Generic.List`1<System.Int64> FNNIKBKHAFN, IGCIBGKPPMO+BBELBJELLHN JMDIPDGMIOG, System.String ABADFLCBFIJ, System.Nullable`1<System.Int64> HNHLJONGKHB, BPHGKAEDBPE+CBEOHBCIPEA AFLPGGJMPOE = null)","KEBJPIGKGOI.txt","2843","api/messages/"
"messages","KEBJPIGKGOI","System.Void CPGAJIACKIP()","KEBJPIGKGOI.txt","3306","api/messages/"
"messages","KEBJPIGKGOI","RecRoom.Async.IPromise LLIHILNLNEP()","KEBJPIGKGOI.txt","5886","api/messages/v1/IOSClearDeviceToken"
"messages","KEBJPIGKGOI","RecRoom.Async.IPromise NDONIOINHAE(DIBODMEJOPN JFMOEGCPNAC)","KEBJPIGKGOI.txt","6455","api/messages/v1/IOSModifyNotificationPreferences"
"messages","KEBJPIGKGOI","RecRoom.Async.IPromise GENJNKHDHCN()","KEBJPIGKGOI.txt","6347","api/messages/v1/IOSResetNotificationPreferencesBadgeCount"
"messages","KEBJPIGKGOI","RecRoom.Async.IPromise INNJDBLBCEO(System.String EAEICOOGLAK)","KEBJPIGKGOI.txt","5768","api/messages/v1/IOSSaveDeviceToken"
"messages","KEBJPIGKGOI","System.Collections.IEnumerator PEIBHPIEKGF(System.Collections.Generic.IEnumerable`1<System.Int64> OCCKKEIMPGP, BPHGKAEDBPE+CBEOHBCIPEA AFLPGGJMPOE = null)","KEBJPIGKGOI.txt","3138","api/messages/v3/delete"
"messages","KEBJPIGKGOI","System.Collections.IEnumerator LPPPAHLCPCO(System.Int64 CJFGEMGOJHB, BPHGKAEDBPE+OJDJIJDNFHE<System.String> AFLPGGJMPOE)","KEBJPIGKGOI.txt","6606","api/offlineinvite/"
"misc","FGPIDGLCKEF","System.Void IMLJEBCMMKK(PlatformManager+FCIKKFJOMNO FPMCLJDEGKL, System.Collections.Generic.List`1<System.UInt64> CIBFMCPBLEO)","FGPIDGLCKEF.txt","2834","{0}v1/bulkignoreplatformusers"
"misc","GNPDMBPGHBH","RecRoom.Async.IPromise`1<System.Collections.Generic.List`1<CCMBKDINCAH>> DMHOIAJGABC(System.Collections.Generic.IReadOnlyList`1<System.Int64> JOGAGJIPEDN)","GNPDMBPGHBH.txt","2388","/bulk"
"misc","GNPDMBPGHBH+MKCNPHKGFDM","RecRoom.Async.IPromise`1<System.Collections.Generic.List`1<CCMBKDINCAH>> <GetEventsByIds>b__1(System.String uri)","GNPDMBPGHBH_NestedType_MKCNPHKGFDM.txt","138","/bulk"
"misc","KELEPAPMOGK+CJACMOFOFKJ","RecRoom.Async.IPromise`1<KELEPAPMOGK+LEKKFHBPBAB> <GetData>b__0()","KELEPAPMOGK_NestedType_CJACMOFOFKJ.txt","187","/data/{0}"
"misc","OJMCBOKJFOF+BPPECKDOINI","RecRoom.Async.IPromise`1<System.Byte[]> <GetRoomData>b__0()","OJMCBOKJFOF_NestedType_BPPECKDOINI.txt","206","/room/"
"misc","NLGOJMONPKG","RecRoom.Async.IPromise`1<System.Collections.Generic.List`1<MKEKHKEHPLO>> ADEEFOCPDFH()","NLGOJMONPKG.txt","379","api/announcement/v1/get"
"misc","GCBPKHFJKCE","RecRoom.Async.IPromise`1<System.Collections.Generic.List`1<GCBPKHFJKCE+DJGBECJHOKF>> KABHMCDHHIP(System.Boolean INGAKMAAHKL = False)","GCBPKHFJKCE.txt","555","api/catalog/v1/all?onlyAvailableSkus=true"
"misc","GCBPKHFJKCE","RecRoom.Async.IPromise`1<System.Collections.Generic.List`1<GCBPKHFJKCE+DJGBECJHOKF>> KABHMCDHHIP(System.Boolean INGAKMAAHKL = False)","GCBPKHFJKCE.txt","577","api/catalog/v1/all?onlyAvailableSkus=true"
"misc","GCBPKHFJKCE+<>c","System.Void <CancelSubscription>b__41_1()","GCBPKHFJKCE_NestedType___c.txt","791","api/catalog/v1/all?onlyAvailableSkus=true"
"misc","GCBPKHFJKCE+<>c","System.Void <CompletePurchase>b__33_1()","GCBPKHFJKCE_NestedType___c.txt","246","api/catalog/v1/all?onlyAvailableSkus=true"
"misc","GCBPKHFJKCE+<>c","System.Void <ProcessPurchase>b__34_1()","GCBPKHFJKCE_NestedType___c.txt","332","api/catalog/v1/all?onlyAvailableSkus=true"
"misc","AAHIIPOCKMB","RecRoom.Async.IPromise`1<AAHIIPOCKMB+JFIKDPALHOL> KIAGEGDDBCG()","AAHIIPOCKMB.txt","941","api/communityboard/"
"misc","FOEHJBDMMBH","RecRoom.Async.IPromise AKFDEPEHBIN(OOCCCGPICOG BAJGNABECMN, System.Int32 HLHHPEKALPI)","FOEHJBDMMBH.txt","1463","api/consumables/"
"misc","FOEHJBDMMBH","RecRoom.Async.IPromise`1<System.Collections.Generic.List`1<OOCCCGPICOG>> AFMKIHFMMBI(System.Int32 HLHHPEKALPI)","FOEHJBDMMBH.txt","1112","api/consumables/"
"misc","FOEHJBDMMBH","System.Collections.IEnumerator LCELAOEOIJO(OOCCCGPICOG BAJGNABECMN, System.Int32 FKKAPHAMPMG, BPHGKAEDBPE+CBEOHBCIPEA AFLPGGJMPOE)","FOEHJBDMMBH.txt","838","api/consumables/"
"misc","FOEHJBDMMBH","System.Collections.IEnumerator PKHAMBFCEJI(OOCCCGPICOG BAJGNABECMN, System.Boolean CNEIBILGFCO, BPHGKAEDBPE+CBEOHBCIPEA AFLPGGJMPOE)","FOEHJBDMMBH.txt","619","api/consumables/"
"misc","FOEHJBDMMBH+HHFGPIBAMOB","System.Boolean MoveNext()","FOEHJBDMMBH_NestedType_HHFGPIBAMOB.txt","147","api/consumables/"
"misc","FPNPBJBCMKB","RecRoom.Async.IPromise`1<System.Collections.Generic.List`1<System.Int64>> EPPPMHMMGME()","FPNPBJBCMKB.txt","53","api/curatedroomplaylists"
"misc","GMPIMLJNACB","System.Collections.IEnumerator IPCNHLDICBM(BPHGKAEDBPE+CBEOHBCIPEA AFLPGGJMPOE)","GMPIMLJNACB.txt","904","api/objectives/"
"misc","GMPIMLJNACB","System.Void MEGMCCFCEIP(System.Int32 CKEBCMEKCJH, BPHGKAEDBPE+OJDJIJDNFHE<MIMANKKMKJG> AFLPGGJMPOE)","GMPIMLJNACB.txt","2171","api/objectives/"
"misc","GMPIMLJNACB+GIDAGFNPPLC","System.Boolean MoveNext()","GMPIMLJNACB_NestedType_GIDAGFNPPLC.txt","568","api/objectives/"
"misc","GMPIMLJNACB+GIDAGFNPPLC","System.Boolean MoveNext()","GMPIMLJNACB_NestedType_GIDAGFNPPLC.txt","623","api/objectives/"
"misc","GGLGFENEKBJ","System.Collections.IEnumerator BFJMPGHLGAN(System.Int64 CJFGEMGOJHB, LCCEEFHOBEN+CJFENPHAAHI MEABFEIBEMP, BPHGKAEDBPE+CBEOHBCIPEA AFLPGGJMPOE)","GGLGFENEKBJ.txt","586","api/PlayersBanned/"
"misc","FGPIDGLCKEF","RecRoom.Async.IPromise`1<LLKHFJDNFMM> CGPBLDOHCEI(System.Int32 CJFGEMGOJHB, CFLMJLFBOKH+MPFKNCFEDHF DIEPOPNJNCO)","FGPIDGLCKEF.txt","1454","api/relationships/"
"misc","FGPIDGLCKEF","RecRoom.Async.IPromise`1<LLKHFJDNFMM> DLBAPGPACLP(System.Int32 CJFGEMGOJHB)","FGPIDGLCKEF.txt","1827","api/relationships/"
"misc","FGPIDGLCKEF","RecRoom.Async.IPromise`1<LLKHFJDNFMM> DOIEMGNIMMM(System.Int32 CJFGEMGOJHB, BPHGKAEDBPE+CBEOHBCIPEA AFLPGGJMPOE = null)","FGPIDGLCKEF.txt","1197","api/relationships/"
"misc","FGPIDGLCKEF","RecRoom.Async.IPromise`1<LLKHFJDNFMM> JEGAGBBBADJ(System.Int32 CJFGEMGOJHB)","FGPIDGLCKEF.txt","1591","api/relationships/"
"misc","FGPIDGLCKEF","RecRoom.Async.IPromise`1<LLKHFJDNFMM> OILLHGFDILD(System.Int32 CJFGEMGOJHB)","FGPIDGLCKEF.txt","1709","api/relationships/"
"misc","FGPIDGLCKEF","System.Boolean CKANLFMOMCC(System.Int32 CJFGEMGOJHB, BPHGKAEDBPE+CBEOHBCIPEA AFLPGGJMPOE = null)","FGPIDGLCKEF.txt","2141","api/relationships/"
"misc","FGPIDGLCKEF","System.Boolean GDOLAFPLNPG(System.Int32 CJFGEMGOJHB, BPHGKAEDBPE+CBEOHBCIPEA AFLPGGJMPOE = null)","FGPIDGLCKEF.txt","1982","api/relationships/"
"misc","FGPIDGLCKEF","System.Void CPGAJIACKIP()","FGPIDGLCKEF.txt","3002","api/relationships/"
"misc","FGPIDGLCKEF","System.Void IMLJEBCMMKK(PlatformManager+FCIKKFJOMNO FPMCLJDEGKL, System.Collections.Generic.List`1<System.UInt64> CIBFMCPBLEO)","FGPIDGLCKEF.txt","2832","api/relationships/"
"misc","FGPIDGLCKEF","System.Void KDKALCLMLIL(System.String GJIOCANDGPE, System.Int32 CJFGEMGOJHB, BPHGKAEDBPE+CBEOHBCIPEA AFLPGGJMPOE = null)","FGPIDGLCKEF.txt","2670","api/relationships/"
"misc","NKHBKKGOIHL+BBGMJPMOHEO","System.Boolean MoveNext()","NKHBKKGOIHL_NestedType_BBGMJPMOHEO.txt","353","api/sanitize/"
"misc","GEAPBDGCKMB","RecRoom.Async.IPromise ACEPPELPFOL(System.Int32 PGGHBNCGLDN, System.Nullable`1<System.Int64> POAOENHPNHE, System.Int32 MNIJHBJDPPA, System.Int32 HLHHPEKALPI)","GEAPBDGCKMB.txt","2977","api/storefronts/"
"misc","GEAPBDGCKMB","RecRoom.Async.IPromise`1<GEAPBDGCKMB+BalanceUpdateResponseDTO`1<GEAPBDGCKMB+RewardBalanceModificationDTO>> LLNACOGDCMF(ACDKILABNNC DLNFAILEHOA, System.Collections.Generic.IEnumerable`1<GEAPBDGCKMB+GrantBalanceRequest> JEDEBGBEGCE)","GEAPBDGCKMB.txt","5929","api/storefronts/"
"misc","GEAPBDGCKMB","RecRoom.Async.IPromise`1<GEAPBDGCKMB+InventionPurchaseResponseDTO> MOANDFACFAP(System.Int64 OEMDIAHHILF, System.Int32 HBIEIIHBDCI, System.String LGHBPPIOOBM)","GEAPBDGCKMB.txt","3603","api/storefronts/"
"misc","GEAPBDGCKMB","RecRoom.Async.IPromise`1<GEAPBDGCKMB+RoomKeyPurchaseResponseDTO> KGGMAGALNGF(System.Int64 BGICHOOBKLD, System.Int32 HBIEIIHBDCI)","GEAPBDGCKMB.txt","3819","api/storefronts/"
"misc","GEAPBDGCKMB","RecRoom.Async.IPromise`1<OBBBPCBIMME> MMINJDALHNB(System.Int64 OEMDIAHHILF, System.String LGHBPPIOOBM)","GEAPBDGCKMB.txt","4052","api/storefronts/"
"misc","GEAPBDGCKMB","System.Collections.IEnumerator EKLFEDLCNAC(DGOHCPBKOHD NIGCECGDCFD, ACDKILABNNC DLNFAILEHOA, System.Int32 PGGHBNCGLDN, BPHGKAEDBPE+OJDJIJDNFHE<GEAPBDGCKMB+PurchaseBalanceUpdateResponseDTO`1<NLEKGNENMCO+LOCNECLOHCA>> AFLPGGJMPOE)","GEAPBDGCKMB.txt","3402","api/storefronts/"
"misc","GEAPBDGCKMB","System.Collections.IEnumerator EPCDDOGBHMF(DGOHCPBKOHD NIGCECGDCFD, ACDKILABNNC DLNFAILEHOA, System.Int32 PGGHBNCGLDN, System.Nullable`1<System.Int64> POAOENHPNHE, GEAPBDGCKMB+GiftItemDTO HBBAANIPIMP, BPHGKAEDBPE+OJDJIJDNFHE<GEAPBDGCKMB+PurchaseBalanceUpdateResponseDTO`1<NLEKGNENMCO+LOCNECLOHCA>> AFLPGGJMPOE)","GEAPBDGCKMB.txt","2709","api/storefronts/"
"misc","GEAPBDGCKMB","System.Collections.IEnumerator GDOGAIAHEHB(DGOHCPBKOHD NIGCECGDCFD, ACDKILABNNC DLNFAILEHOA, System.Int32 PGGHBNCGLDN, BPHGKAEDBPE+OJDJIJDNFHE<GEAPBDGCKMB+PurchaseBalanceUpdateResponseDTO`1<NLEKGNENMCO+LOCNECLOHCA>> AFLPGGJMPOE)","GEAPBDGCKMB.txt","3241","api/storefronts/"
"misc","GEAPBDGCKMB","System.Collections.IEnumerator IMFAFAKABHC(DGOHCPBKOHD NIGCECGDCFD, BPHGKAEDBPE+OJDJIJDNFHE<ENAODGBHHFA> AFLPGGJMPOE)","GEAPBDGCKMB.txt","1914","api/storefronts/"
"misc","GEAPBDGCKMB","System.Collections.IEnumerator LBEMMLOFBEA(ACDKILABNNC DLNFAILEHOA, BPHGKAEDBPE+OJDJIJDNFHE<System.Int64> AFLPGGJMPOE = null)","GEAPBDGCKMB.txt","5640","api/storefronts/"
"misc","GEAPBDGCKMB","System.Nullable`1<System.Int64> KJKDMOHACHJ(ACDKILABNNC DLNFAILEHOA, System.Predicate`1<JEHHKIPLMPM> NLDOHBCJOIO = null)","GEAPBDGCKMB.txt","4616","api/storefronts/"
"misc","GEAPBDGCKMB","System.Void EIFPPIPOIHB(System.Collections.Generic.List`1<GEAPBDGCKMB+MPMIBGDAIPK> DBDFCMJFNEC)","GEAPBDGCKMB.txt","2257","api/storefronts/"
"misc","GEAPBDGCKMB","System.Void IMLMGPJIKCK(ACDKILABNNC DLNFAILEHOA, DKMCNBHMKIK IGNJPMALPIK, BPHGKAEDBPE+OJDJIJDNFHE<DKFDKNLDEAM> AFLPGGJMPOE = null)","GEAPBDGCKMB.txt","5781","api/storefronts/"
"misc","GEAPBDGCKMB+PPPNGFBHEDH","RecRoom.Async.IPromise`1<BKFGFHDDNFG> <GetStorefront>b__0()","GEAPBDGCKMB_NestedType_PPPNGFBHEDH.txt","236","api/storefronts/"
"misc","AICHDPNIEKI","RecRoom.Async.IPromise CNGKABDOEKH(System.String EPGHLDONDIP, NIDIHGENDJD AKPHCJFIPBB)","AICHDPNIEKI.txt","450","api/testcasemanagement/"
"misc","AICHDPNIEKI","RecRoom.Async.IPromise DHDOAJAGEJN(System.String EPGHLDONDIP)","AICHDPNIEKI.txt","360","api/testcasemanagement/"
"misc","AICHDPNIEKI","RecRoom.Async.IPromise KNOGAGHKIMC(System.String EPGHLDONDIP)","AICHDPNIEKI.txt","273","api/testcasemanagement/"
"misc","AICHDPNIEKI","RecRoom.Async.IPromise`1<CPFPHLINDHN> APEBFFOEBFA(System.String ENJEOLBEALP)","AICHDPNIEKI.txt","193","api/testcasemanagement/"
"misc","AICHDPNIEKI","RecRoom.Async.IPromise`1<FDAJOEOJFDN> BMDDGFAEDLE(System.UInt32 ENJEOLBEALP)","AICHDPNIEKI.txt","122","api/testcasemanagement/"
"misc","AICHDPNIEKI","RecRoom.Async.IPromise`1<System.Collections.Generic.List`1<FDAJOEOJFDN>> AKCPPGBNGOO()","AICHDPNIEKI.txt","44","api/testcasemanagement/"
"misc","KMDHPCHFADM","RecRoom.Async.IPromise`1<PCBCGDHBAEL> BPAGDCDBHAM()","KMDHPCHFADM.txt","282","api/versioncheck/v4?v={0}&p={1}"
"misc","IOSPlatformManager","RecRoom.Async.IPromise ShowManageSubscriptionPlatformUI()","IOSPlatformManager.txt","4865","https://apps.apple.com/account/subscriptions"
"misc","InstagramBulletinBoardUI","System.Void Button_RecRoomOnInstagram()","InstagramBulletinBoardUI.txt","1009","https://www.instagram.com/recroom/"
"player-events","GNPDMBPGHBH","RecRoom.Async.IPromise`1<LLNPLLBEJBE> BFBMDMLHHCF(CCMBKDINCAH MFJCKOBPMGA, System.Int64 HNHLJONGKHB, System.Nullable`1<System.Int64> FODGKNJIGOP, System.String MMBOKOLAJFH, System.String LJIGOCDPEJF, System.Collections.Generic.List`1<System.String> CAFPJPHILMN, System.String HFLPBHHAFIO, System.DateTime JODPOANPJNK, System.DateTime BCANLCHBKJE, CMCAFKLAHCD PONCIIJOHIE, System.Nullable`1<System.Int64> AOMBLGBCENO)","GNPDMBPGHBH.txt","4280","api/playerevents/"
"player-events","GNPDMBPGHBH","RecRoom.Async.IPromise`1<LLNPLLBEJBE> EKEOHKINPDK(CCMBKDINCAH MFJCKOBPMGA)","GNPDMBPGHBH.txt","6151","api/playerevents/"
"player-events","GNPDMBPGHBH","RecRoom.Async.IPromise`1<System.Collections.Generic.List`1<PBIJAPEOEDO>> MBHCOIGLAIF(System.Int64 MOKMJAMNEFP, System.Boolean INGAKMAAHKL = False)","GNPDMBPGHBH.txt","3736","api/playerevents/"
"player-events","GNPDMBPGHBH","RecRoom.Async.IPromise`1<TPlayerEventDTO> DAICPGEMGMH(System.Int64 MOKMJAMNEFP, System.Boolean GDPJLIOIIAM = False, System.Nullable`1<System.Int64> AOMBLGBCENO = null)","GNPDMBPGHBH.txt","6434","api/playerevents/"
"player-events","GNPDMBPGHBH","System.String HKPFFOHBENO(System.Int64 MEJJDOHGNHG)","GNPDMBPGHBH.txt","559","api/playerevents/"
"player-events","GNPDMBPGHBH","System.Void DAOBEMMLHAD(System.Collections.Generic.Dictionary`2<System.String, System.Object> NGPMADFHHKP)","GNPDMBPGHBH.txt","10757","api/playerevents/"
"player-events","GNPDMBPGHBH","System.Void DEOJOKOFMLJ(System.Int64 MOKMJAMNEFP)","GNPDMBPGHBH.txt","11770","api/playerevents/"
"player-events","GNPDMBPGHBH","System.Void JILNOOIDFKC(HJCAMMLHJAE MOMJFCHIMAM)","GNPDMBPGHBH.txt","11596","api/playerevents/"
"player-events","GNPDMBPGHBH+JNEMPCHKFAM","System.Void <InvitePlayers>b__0(PDOBNLOLBAF response)","GNPDMBPGHBH_NestedType_JNEMPCHKFAM.txt","168","api/playerevents/"
"player-events","GNPDMBPGHBH","RecRoom.Async.IPromise`1<FNBMIJGOOJM> JKFDNKOBOJE()","GNPDMBPGHBH.txt","5504","api/playerevents/v1/all"
"player-events","GNPDMBPGHBH","RecRoom.Async.IPromise`1<PDOBNLOLBAF> MGDLGLLOEMG(System.Int64 MOKMJAMNEFP, System.Collections.Generic.List`1<System.Int32> MHCONOPOOKJ)","GNPDMBPGHBH.txt","5013","api/playerevents/v1/bulkInvite"
"player-events","GNPDMBPGHBH","RecRoom.Async.IPromise`1<DGOPHENCPOC> FGFDJIKJKNN(System.Int64 MOKMJAMNEFP, FFEICMIIBMC DHLDCHCKBPC)","GNPDMBPGHBH.txt","4769","api/playerevents/v1/deleteResponse"
"player-events","GNPDMBPGHBH","RecRoom.Async.IPromise`1<KLAMKCBENEA> GLHAJLLNPBJ(System.Int64 MOKMJAMNEFP, LCCEEFHOBEN+CJFENPHAAHI MEABFEIBEMP, System.String EFDBFLPKHKA)","GNPDMBPGHBH.txt","5939","api/playerevents/v1/report"
"player-events","GNPDMBPGHBH","RecRoom.Async.IPromise`1<DGOPHENCPOC> EEJGIOKDBFI(System.Int64 MOKMJAMNEFP, FFEICMIIBMC DHLDCHCKBPC)","GNPDMBPGHBH.txt","4567","api/playerevents/v1/respond"
"player-events","GNPDMBPGHBH","RecRoom.Async.IPromise`1<System.Collections.Generic.List`1<CCMBKDINCAH>> ADMFNGBFPIE(System.String CNBKKCJAHPP, GNPDMBPGHBH+EHKGCEONBIB DKLJMLFNEEN = 0, System.Nullable`1<GNPDMBPGHBH+OPHEGMJHPAD> LBFLCMJFDPC = null)","GNPDMBPGHBH.txt","9248","api/playerevents/v1/search?"
"player-events","GNPDMBPGHBH","RecRoom.Async.IPromise`1<System.Collections.Generic.List`1<NMKMJKIHDNE>> JBOMFDKLBOI(System.String CNBKKCJAHPP)","GNPDMBPGHBH.txt","8935","api/playerevents/v1/searchlive?"
"player-events","GNPDMBPGHBH","RecRoom.Async.IPromise`1<System.Collections.Generic.List`1<System.String>> LIPBAJOAIJC(GNPDMBPGHBH+FFCCJHEPNDK KINAEJLCDEG)","GNPDMBPGHBH.txt","9697","api/playerevents/v1/tagfilters"
"player-events","GNPDMBPGHBH","RecRoom.Async.IPromise`1<LLNPLLBEJBE> BBPEHLACMLH(System.Int64 HNHLJONGKHB, System.Nullable`1<System.Int64> FODGKNJIGOP, System.Nullable`1<System.Int64> AOMBLGBCENO, System.String MMBOKOLAJFH, System.String LJIGOCDPEJF, System.Collections.Generic.List`1<System.String> CAFPJPHILMN, System.String HFLPBHHAFIO, System.DateTime JODPOANPJNK, System.DateTime BCANLCHBKJE, CMCAFKLAHCD PONCIIJOHIE)","GNPDMBPGHBH.txt","4067","api/playerevents/v2"
"players","EBAIPNMBKLK","RecRoom.Async.IPromise`1<JGEBJEJLNBK> JNLDMDCGHHJ(System.Int32 GKLPIFBPGOD)","EBAIPNMBKLK.txt","1231","/api/playerReputation/v1/{0}"
"players","EBAIPNMBKLK","RecRoom.Async.IPromise`1<System.Collections.Generic.List`1<JGEBJEJLNBK>> KGPDFJMKJKL(System.Collections.Generic.List`1<System.Int32> ILNGMAANNDG)","EBAIPNMBKLK.txt","1631","/api/playerReputation/v1/bulk"
"players","ACJLCBNBJDK","RecRoom.Async.IPromise`1<NFMBDLEJEDD> AAGPDEDFCNI(System.Int32 GKLPIFBPGOD)","ACJLCBNBJDK.txt","1673","/api/players/v1/progression/{0}"
"players","ACJLCBNBJDK","RecRoom.Async.IPromise`1<System.Collections.Generic.List`1<NFMBDLEJEDD>> MCFMHADBDBI(System.Collections.Generic.List`1<System.Int32> ILNGMAANNDG)","ACJLCBNBJDK.txt","2051","/api/players/v1/progression/bulk"
"players","ACJLCBNBJDK","System.Void EIFPPIPOIHB(System.Collections.Generic.List`1<ProgressionManager+PIHHFPDKFAG> DBDFCMJFNEC)","ACJLCBNBJDK.txt","816","api/players/v2/objectives"
"playlists","EJDCNGBEICB","RecRoom.Async.IPromise`1<NMPFCIJPODA> CFKDADKHAGB()","EJDCNGBEICB.txt","2687","featuredrooms/current"
"playlists","EJDCNGBEICB","RecRoom.Async.IPromise OFACCDEDIHE(System.Int64 DDMPFMPILCE)","EJDCNGBEICB.txt","6619","playlists/{0}"
"playlists","EJDCNGBEICB","RecRoom.Async.IPromise`1<BMFAGMFKODA> POOBMHAAMLJ(System.Int64 DDMPFMPILCE)","EJDCNGBEICB.txt","2192","playlists/{0}"
"playlists","EJDCNGBEICB","RecRoom.Async.IPromise`1<KMKPEOGJDFK> PDLNHHAPPIP(System.Int64 DDMPFMPILCE)","EJDCNGBEICB.txt","1659","playlists/{0}"
"playlists","EJDCNGBEICB","RecRoom.Async.IPromise`1<BMFAGMFKODA> KLHJFKPFPIC(System.Int64 DDMPFMPILCE, DPLPMKMFMPB PONCIIJOHIE)","EJDCNGBEICB.txt","7323","playlists/{0}/accessibility"
"playlists","EJDCNGBEICB","RecRoom.Async.IPromise`1<BMFAGMFKODA> EPJMNNPLNDM(System.Int64 DDMPFMPILCE, System.String LJIGOCDPEJF)","EJDCNGBEICB.txt","6839","playlists/{0}/description"
"playlists","EJDCNGBEICB","RecRoom.Async.IPromise`1<BMFAGMFKODA> CKMILKDKDCN(System.Int64 DDMPFMPILCE, System.String HFLPBHHAFIO)","EJDCNGBEICB.txt","6955","playlists/{0}/image"
"playlists","EJDCNGBEICB","RecRoom.Async.IPromise`1<CJODCLDGFCF> AINDJCIMJOB(System.Int64 DDMPFMPILCE)","EJDCNGBEICB.txt","8600","playlists/{0}/interactionby/me"
"playlists","EJDCNGBEICB","RecRoom.Async.IPromise CIPEENNIAFL(System.Int64 DDMPFMPILCE)","EJDCNGBEICB.txt","8733","playlists/{0}/interactionby/me/cheer"
"playlists","EJDCNGBEICB","RecRoom.Async.IPromise LONLMONNPGL(System.Int64 DDMPFMPILCE)","EJDCNGBEICB.txt","8665","playlists/{0}/interactionby/me/cheer"
"playlists","EJDCNGBEICB","RecRoom.Async.IPromise GDELFOHOPGF(System.Int64 DDMPFMPILCE)","EJDCNGBEICB.txt","8801","playlists/{0}/interactionby/me/favorite"
"playlists","EJDCNGBEICB","RecRoom.Async.IPromise NLNKEGDKFCG(System.Int64 DDMPFMPILCE)","EJDCNGBEICB.txt","8869","playlists/{0}/interactionby/me/favorite"
"playlists","EJDCNGBEICB","RecRoom.Async.IPromise`1<BMFAGMFKODA> PPBLDOPNJKC(System.Int64 DDMPFMPILCE, System.Boolean NNBHCDIKILH)","EJDCNGBEICB.txt","7582","playlists/{0}/levelvoting"
"playlists","EJDCNGBEICB","RecRoom.Async.IPromise`1<BMFAGMFKODA> NINPMBNNHMG(System.Int64 DDMPFMPILCE, System.String MMBOKOLAJFH)","EJDCNGBEICB.txt","6723","playlists/{0}/name"
"playlists","EJDCNGBEICB","RecRoom.Async.IPromise`1<BMFAGMFKODA> LDLJKJLNLEE(System.Int64 DDMPFMPILCE, System.Boolean DDMOEIAHJBK, System.Boolean FOBLJIBLCNI, System.Boolean GELHFEFGJLA, System.Boolean NFIGHDPKLJF)","EJDCNGBEICB.txt","7454","playlists/{0}/restrictions"
"playlists","EJDCNGBEICB","RecRoom.Async.IPromise`1<BMFAGMFKODA> JBMCPFHGIMD(System.Int64 DDMPFMPILCE, System.Int64 HNHLJONGKHB)","EJDCNGBEICB.txt","7765","playlists/{0}/rooms/{1}"
"playlists","EJDCNGBEICB","RecRoom.Async.IPromise`1<BMFAGMFKODA> NLOEBFMNCFM(System.Int64 DDMPFMPILCE, System.Int64 HNHLJONGKHB)","EJDCNGBEICB.txt","7679","playlists/{0}/rooms/{1}"
"playlists","EJDCNGBEICB","RecRoom.Async.IPromise`1<BMFAGMFKODA> ALCFNJJHDMG(System.Int64 DDMPFMPILCE, System.Collections.Generic.IReadOnlyList`1<System.String> LBAOCHFCLPO, System.Collections.Generic.IReadOnlyList`1<System.String> CAFPJPHILMN)","EJDCNGBEICB.txt","7080","playlists/{0}/tags"
"playlists","EJDCNGBEICB","RecRoom.Async.IPromise`1<BMFAGMFKODA> KEADPPJCJGG(System.Int64 DDMPFMPILCE, GPDIAKNEBKH LEFPAAGGFFA, System.String NLEBEKDHJIJ)","EJDCNGBEICB.txt","7206","playlists/{0}/warning"
"playlists","EJDCNGBEICB","RecRoom.Async.IPromise`1<System.Collections.Generic.List`1<KMKPEOGJDFK>> KHMJIKNHJHP(System.Collections.Generic.IReadOnlyList`1<System.Int64> ANIKDNFLDIG)","EJDCNGBEICB.txt","1896","playlists/bulk"
"playlists","EJDCNGBEICB","RecRoom.Async.IPromise`1<System.Collections.Generic.List`1<KMKPEOGJDFK>> KHMJIKNHJHP(System.Collections.Generic.IReadOnlyList`1<System.String> CJMAAFFAKDO)","EJDCNGBEICB.txt","2068","playlists/bulk"
"playlists","EJDCNGBEICB","RecRoom.Async.IPromise`1<System.Collections.Generic.List`1<KMKPEOGJDFK>> EFFMOEGALDB()","EJDCNGBEICB.txt","2400","playlists/cheeredby/me"
"playlists","EJDCNGBEICB","RecRoom.Async.IPromise`1<System.Collections.Generic.List`1<KMKPEOGJDFK>> PLPMPFDOICH()","EJDCNGBEICB.txt","2361","playlists/createdby/me"
"playlists","EJDCNGBEICB","RecRoom.Async.IPromise`1<System.Collections.Generic.List`1<KMKPEOGJDFK>> FAMGMKHMCIN()","EJDCNGBEICB.txt","2439","playlists/favoritedby/me"
"playlists","EJDCNGBEICB","RecRoom.Async.IPromise`1<System.Collections.Generic.List`1<KMKPEOGJDFK>> OMMENACPKGH()","EJDCNGBEICB.txt","2478","playlists/visitedby/me"
"playlists","EJDCNGBEICB","RecRoom.Async.IPromise`1<HJKAOMOICJG> EBBHGHEGBKG(System.Collections.Generic.IReadOnlyList`1<System.String> CAFPJPHILMN)","EJDCNGBEICB.txt","2645","roomsandplaylists/hot"
"playlists","EJDCNGBEICB","RecRoom.Async.IPromise`1<HJKAOMOICJG> HFHDFLDCIEM(System.String CNBKKCJAHPP)","EJDCNGBEICB.txt","2560","roomsandplaylists/search"
"quickplay","ADOIEPDDEBO","RecRoom.Async.IPromise CPGECIJBBKF()","ADOIEPDDEBO.txt","358","api/quickPlay/"
"reporting","KHGPLGBHIAH","System.Void PPOCPFGCALB(LGFHFDMDJKK GIGKODMKKHJ, System.Action`2<System.Single, System.Single> DFPGDEOCNIH, System.Action`2<System.Boolean, LGFHFDMDJKK> AFLPGGJMPOE)","KHGPLGBHIAH.txt","2838","{0}/api/userreporting"
"reporting","LCCEEFHOBEN","RecRoom.Async.IPromise`1<System.String> LONDNAJPCEE()","LCCEEFHOBEN.txt","2149","api/banappeal/generateCode"
"reporting","LCCEEFHOBEN","RecRoom.Async.IPromise FCPPPBKJFGK(LCCEEFHOBEN+OAODPJFGPAF GEDCEIDOKJL, System.String NGPMADFHHKP, System.Nullable`1<System.Int32> IMHODAEGGON = null)","LCCEEFHOBEN.txt","5148","api/PlayerReporting/"
"reporting","LCCEEFHOBEN","RecRoom.Async.IPromise IEAOIIFNOGN(System.String PLDIBPNDJIO)","LCCEEFHOBEN.txt","4715","api/PlayerReporting/"
"reporting","LCCEEFHOBEN","RecRoom.Async.IPromise`1<HOGFDJNNMHM> NEFPDKLMDHK()","LCCEEFHOBEN.txt","895","api/PlayerReporting/"
"reporting","LCCEEFHOBEN","RecRoom.Async.IPromise`1<KLAMKCBENEA> EKIAMDFOLJM(System.Int64 CJFGEMGOJHB, System.Boolean MAOOLFEBOOD, System.String EMNPHAPBBAH)","LCCEEFHOBEN.txt","4216","api/PlayerReporting/"
"reporting","LCCEEFHOBEN","RecRoom.Async.IPromise`1<KLAMKCBENEA> FFPIOECGNBI(System.Int32 CJFGEMGOJHB)","LCCEEFHOBEN.txt","4447","api/PlayerReporting/"
"reporting","LCCEEFHOBEN","RecRoom.Async.IPromise`1<KLAMKCBENEA> HNFAAFGGDML(System.Collections.Generic.List`1<System.Int32> FNNIKBKHAFN)","LCCEEFHOBEN.txt","4586","api/PlayerReporting/"
"reporting","LCCEEFHOBEN","System.Collections.IEnumerator KNAHPBPBPAM(System.Int32 CJFGEMGOJHB, LCCEEFHOBEN+CJFENPHAAHI MEABFEIBEMP, System.String EFDBFLPKHKA, System.Nullable`1<System.Single> HJMMCCKCDEH, BPHGKAEDBPE+OJDJIJDNFHE<KLAMKCBENEA> AFLPGGJMPOE)","LCCEEFHOBEN.txt","1783","api/PlayerReporting/"
"reporting","LCCEEFHOBEN","RecRoom.Async.IPromise HHBLGNHOGLN()","LCCEEFHOBEN.txt","2417","api/PlayerReporting/v1/voteToKickReasons"
"reporting","UserReportingScript","System.Void Start()","UserReportingScript.txt","1174","https://userreporting.cloud.unity3d.com/api/userreporting/projects/{0}/ping"
"room-keys","IOIBJBLIBKM","RecRoom.Async.IPromise`1<BMHHFIGBOFD> ACCJPCMPJMH(System.Int64 BGICHOOBKLD)","IOIBJBLIBKM.txt","1299","api/roomkeys/"
"room-keys","IOIBJBLIBKM","RecRoom.Async.IPromise`1<System.Boolean> HECNNKLKKAG(System.Int64 BGICHOOBKLD)","IOIBJBLIBKM.txt","1517","api/roomkeys/"
"room-keys","IOIBJBLIBKM","RecRoom.Async.IPromise`1<System.Boolean> LAPDFFOJCNP(System.Int32 CJFGEMGOJHB, AMAGKLLBGEC AAHIIDDIBFD)","IOIBJBLIBKM.txt","1866","api/roomkeys/"
"room-keys","IOIBJBLIBKM","System.String JGLHIEEFHKE()","IOIBJBLIBKM.txt","58","api/roomkeys/"
"room-keys","IOIBJBLIBKM","RecRoom.Async.IPromise`1<BCKIBFNPIPD> BIAKPHAECJC(System.String MMBOKOLAJFH, System.String LJIGOCDPEJF, System.Int32 MACNIENMFHJ)","IOIBJBLIBKM.txt","573","api/roomkeys/v1/create"
"room-keys","IOIBJBLIBKM","RecRoom.Async.IPromise`1<System.Collections.Generic.List`1<AMAGKLLBGEC>> IGFLECMACBE()","IOIBJBLIBKM.txt","1704","api/roomkeys/v1/mine"
"room-keys","IOIBJBLIBKM","RecRoom.Async.IPromise`1<BCKIBFNPIPD> MLFKLGGPLNM(System.Int64 BGICHOOBKLD, System.String MMBOKOLAJFH = null, System.String LJIGOCDPEJF = null, System.Nullable`1<System.Int32> MACNIENMFHJ = null)","IOIBJBLIBKM.txt","1008","api/roomkeys/v1/update"
"rooms","OJMCBOKJFOF+<>c","RecRoom.Async.IPromise`1<AEBEPCMAABC> <GetFilters>b__114_0()","OJMCBOKJFOF_NestedType___c.txt","1617","api/rooms/v1/filters"
"rooms","OJMCBOKJFOF","RecRoom.Async.IPromise INDDAAGNMHF(System.String LHOMKMINCHH)","OJMCBOKJFOF.txt","12963","api/rooms/v1/verifyRole"
"rooms","OJMCBOKJFOF","RecRoom.Async.IPromise GECDGBACBFP(System.Int64 HNHLJONGKHB, LCCEEFHOBEN+CJFENPHAAHI MEABFEIBEMP, System.String EFDBFLPKHKA)","OJMCBOKJFOF.txt","12627","api/rooms/v2/report"
"rooms","OJMCBOKJFOF","RecRoom.Async.IPromise`1<System.Collections.Generic.IReadOnlyList`1<KLCOGEIGEBJ>> DLPLPKCNLNA(System.Collections.Generic.IReadOnlyList`1<System.String> CAFPJPHILMN)","OJMCBOKJFOF.txt","3238","hot_rooms/"
"rooms","OJMCBOKJFOF+PEBCIEAPGON","System.String CMOIGEDECGM(System.Collections.Generic.IEnumerable`1<System.String> CAFPJPHILMN)","OJMCBOKJFOF_NestedType_PEBCIEAPGON.txt","39","hot_rooms/"
"rooms","OJMCBOKJFOF","RecRoom.Async.IPromise`1<System.Collections.Generic.IReadOnlyList`1<MKAMHOIHOJK>> EBBHGHEGBKG(System.Collections.Generic.IReadOnlyList`1<System.String> CAFPJPHILMN)","OJMCBOKJFOF.txt","4743","hot_roomsandplaylists/"
"rooms","OJMCBOKJFOF+PEBCIEAPGON","System.String MMCLGMMDDJF(System.Collections.Generic.IEnumerable`1<System.String> CAFPJPHILMN)","OJMCBOKJFOF_NestedType_PEBCIEAPGON.txt","121","hot_roomsandplaylists/"
"rooms","EJDCNGBEICB","RecRoom.Async.IPromise KHDPHIGPEEH(System.Int64 HNHLJONGKHB)","EJDCNGBEICB.txt","2923","rooms/{0}"
"rooms","EJDCNGBEICB","RecRoom.Async.IPromise`1<KLCOGEIGEBJ> NHBPIIGDAJP(System.Int64 HNHLJONGKHB)","EJDCNGBEICB.txt","82","rooms/{0}"
"rooms","EJDCNGBEICB","RecRoom.Async.IPromise`1<PPENFJMFPNE> CJKHNIIJFIN(System.Int64 HNHLJONGKHB)","EJDCNGBEICB.txt","615","rooms/{0}"
"rooms","EJDCNGBEICB","RecRoom.Async.IPromise`1<PPENFJMFPNE> BPDNAMEDJEG(System.Int64 HNHLJONGKHB, DPLPMKMFMPB PONCIIJOHIE)","EJDCNGBEICB.txt","3627","rooms/{0}/accessibility"
"rooms","EJDCNGBEICB","RecRoom.Async.IPromise`1<PPENFJMFPNE> CPFCPEONBGC(System.Int64 HNHLJONGKHB, System.Boolean AMJMLANOGKE)","EJDCNGBEICB.txt","4014","rooms/{0}/automute"
"rooms","EJDCNGBEICB","RecRoom.Async.IPromise CCGIGHDHNLM(System.Int64 HNHLJONGKHB, System.Collections.Generic.IReadOnlyList`1<System.Int32> ILNGMAANNDG, KKIHLHLNGCK BFNPCCFPJHP)","EJDCNGBEICB.txt","7939","rooms/{0}/bans"
"rooms","EJDCNGBEICB","RecRoom.Async.IPromise`1<System.Collections.Generic.List`1<EAENIFLCDGI>> CGIPIOMBAFM(System.Int64 HNHLJONGKHB)","EJDCNGBEICB.txt","7832","rooms/{0}/bans"
"rooms","EJDCNGBEICB","RecRoom.Async.IPromise JMCJDGIMKPK(System.Int64 HNHLJONGKHB, System.Int32 GKLPIFBPGOD, KKIHLHLNGCK BFNPCCFPJHP)","EJDCNGBEICB.txt","8186","rooms/{0}/bans/{1}"
"rooms","EJDCNGBEICB","RecRoom.Async.IPromise PFEEJDKPPJI(System.Int64 HNHLJONGKHB, System.Int64 MOKIOEJBMFC)","EJDCNGBEICB.txt","8054","rooms/{0}/bans/import"
"rooms","EJDCNGBEICB","RecRoom.Async.IPromise`1<PPENFJMFPNE> OFFECAMHJGE(System.Int64 HNHLJONGKHB, System.String MMBOKOLAJFH)","EJDCNGBEICB.txt","2843","rooms/{0}/clone"
"rooms","EJDCNGBEICB","RecRoom.Async.IPromise`1<PPENFJMFPNE> LJMHBJKDJCE(System.Int64 HNHLJONGKHB, System.Boolean GPAGMKFIKNG)","EJDCNGBEICB.txt","3886","rooms/{0}/cloning"
"rooms","EJDCNGBEICB","RecRoom.Async.IPromise`1<PPENFJMFPNE> FKADIOPHOGC(System.Int64 HNHLJONGKHB, System.Boolean IMHMMPKLGEP)","EJDCNGBEICB.txt","4142","rooms/{0}/comments"
"rooms","EJDCNGBEICB","RecRoom.Async.IPromise`1<PPENFJMFPNE> CFNFNEJGCEF(System.Int64 HNHLJONGKHB, System.String LJIGOCDPEJF)","EJDCNGBEICB.txt","3143","rooms/{0}/description"
"rooms","EJDCNGBEICB","RecRoom.Async.IPromise`1<PPENFJMFPNE> OGFLGMMNMDD(System.Int64 HNHLJONGKHB, System.String HFLPBHHAFIO)","EJDCNGBEICB.txt","3259","rooms/{0}/image"
"rooms","EJDCNGBEICB","RecRoom.Async.IPromise`1<CJODCLDGFCF> CKJBGHEIGBI(System.Int64 HNHLJONGKHB)","EJDCNGBEICB.txt","8266","rooms/{0}/interactionby/me"
"rooms","EJDCNGBEICB","RecRoom.Async.IPromise JFBCCIHBKPP(System.Int64 HNHLJONGKHB)","EJDCNGBEICB.txt","8399","rooms/{0}/interactionby/me/cheer"
"rooms","EJDCNGBEICB","RecRoom.Async.IPromise PEKMAJPMCDE(System.Int64 HNHLJONGKHB)","EJDCNGBEICB.txt","8331","rooms/{0}/interactionby/me/cheer"
"rooms","EJDCNGBEICB","RecRoom.Async.IPromise DIFNOPBMBFO(System.Int64 HNHLJONGKHB)","EJDCNGBEICB.txt","8467","rooms/{0}/interactionby/me/favorite"
"rooms","EJDCNGBEICB","RecRoom.Async.IPromise OGBLBGALMDC(System.Int64 HNHLJONGKHB)","EJDCNGBEICB.txt","8535","rooms/{0}/interactionby/me/favorite"
"rooms","EJDCNGBEICB","RecRoom.Async.IPromise`1<PPENFJMFPNE> ONBIHBFOJKD(System.Int64 HNHLJONGKHB, System.String MMBOKOLAJFH, System.String LJIGOCDPEJF, DPLPMKMFMPB PONCIIJOHIE, System.Boolean DDMOEIAHJBK, System.Boolean FOBLJIBLCNI, System.Boolean GELHFEFGJLA, System.Boolean NFIGHDPKLJF, System.Boolean GPAGMKFIKNG, System.Boolean AMJMLANOGKE, System.Boolean IMHMMPKLGEP, System.Boolean NFJINCPDPDG)","EJDCNGBEICB.txt","6298","rooms/{0}/modify"
"rooms","EJDCNGBEICB","RecRoom.Async.IPromise`1<PPENFJMFPNE> DNOGGKKHMHI(System.Int64 HNHLJONGKHB, System.String MMBOKOLAJFH)","EJDCNGBEICB.txt","3027","rooms/{0}/name"
"rooms","EJDCNGBEICB","RecRoom.Async.IPromise`1<PPENFJMFPNE> FBNHEKCLMCJ(System.Int64 HNHLJONGKHB, NCELIDGFOEM GEDCEIDOKJL, System.String EKGHGPLFMPJ)","EJDCNGBEICB.txt","4862","rooms/{0}/promo_external"
"rooms","EJDCNGBEICB","RecRoom.Async.IPromise`1<PPENFJMFPNE> ACGJJCMFOCH(System.Int64 HNHLJONGKHB, NCELIDGFOEM GEDCEIDOKJL, System.String EKGHGPLFMPJ)","EJDCNGBEICB.txt","4970","rooms/{0}/promo_external/{1}/{2}"
"rooms","EJDCNGBEICB","RecRoom.Async.IPromise`1<PPENFJMFPNE> CFIKOAAOHFH(System.Int64 HNHLJONGKHB, System.String HFLPBHHAFIO)","EJDCNGBEICB.txt","4663","rooms/{0}/promo_images"
"rooms","EJDCNGBEICB","RecRoom.Async.IPromise`1<PPENFJMFPNE> OCCGHPAHGKC(System.Int64 HNHLJONGKHB, System.String HFLPBHHAFIO)","EJDCNGBEICB.txt","4749","rooms/{0}/promo_images/{1}"
"rooms","EJDCNGBEICB","RecRoom.Async.IPromise`1<PPENFJMFPNE> ONEJODPFOMP(System.Int64 HNHLJONGKHB, System.Boolean DDMOEIAHJBK, System.Boolean FOBLJIBLCNI, System.Boolean GELHFEFGJLA, System.Boolean NFIGHDPKLJF)","EJDCNGBEICB.txt","3758","rooms/{0}/restrictions"
"rooms","EJDCNGBEICB","RecRoom.Async.IPromise`1<System.Collections.Generic.List`1<CGCEKBCIHJC>> MIGOLOHAIAL(System.Int64 HNHLJONGKHB)","EJDCNGBEICB.txt","1254","rooms/{0}/roles"
"rooms","EJDCNGBEICB","RecRoom.Async.IPromise`1<CGCEKBCIHJC> EKOKFNHHMPI(System.Int64 HNHLJONGKHB, System.Int32 GKLPIFBPGOD)","EJDCNGBEICB.txt","1332","rooms/{0}/roles/{1}"
"rooms","EJDCNGBEICB","RecRoom.Async.IPromise`1<PPENFJMFPNE> GJMGBBCIHGH(System.Int64 HNHLJONGKHB, System.Int32 GKLPIFBPGOD, LMLJHMJEIGM IENKDAKBEDP)","EJDCNGBEICB.txt","4405","rooms/{0}/roles/{1}"
"rooms","EJDCNGBEICB","RecRoom.Async.IPromise`1<PPENFJMFPNE> MJOHJLHDMHB(System.Int64 HNHLJONGKHB, System.Int32 GKLPIFBPGOD, LMLJHMJEIGM IENKDAKBEDP)","EJDCNGBEICB.txt","4543","rooms/{0}/roles/{1}/invite"
"rooms","EJDCNGBEICB","RecRoom.Async.IPromise`1<PPENFJMFPNE> OGNIELCNHIM(System.Int64 HNHLJONGKHB, System.String MMBOKOLAJFH)","EJDCNGBEICB.txt","5487","rooms/{0}/subrooms"
"rooms","EJDCNGBEICB","RecRoom.Async.IPromise`1<PPENFJMFPNE> GGCOGNAGPBP(System.Int64 HNHLJONGKHB, System.Int64 FODGKNJIGOP)","EJDCNGBEICB.txt","5809","rooms/{0}/subrooms/{1}"
"rooms","EJDCNGBEICB","RecRoom.Async.IPromise`1<PPENFJMFPNE> POGEHAMJBPE(System.Int64 HNHLJONGKHB, System.Int64 FODGKNJIGOP, DPLPMKMFMPB PONCIIJOHIE)","EJDCNGBEICB.txt","5369","rooms/{0}/subrooms/{1}/accessibility"
"rooms","EJDCNGBEICB","RecRoom.Async.IPromise`1<PPENFJMFPNE> OGEKCICPACB(System.Int64 HNHLJONGKHB, System.Int64 FODGKNJIGOP)","EJDCNGBEICB.txt","5583","rooms/{0}/subrooms/{1}/clone"
"rooms","EJDCNGBEICB","RecRoom.Async.IPromise`1<PPENFJMFPNE> HOPMJFDKPDL(System.Int64 HNHLJONGKHB, System.Int64 FODGKNJIGOP, System.String MEIIMAIGBJD, System.Collections.Generic.Dictionary`2<System.Int64, System.Int32> PNOBBNPJDLI, System.Int32 OMCLBIFCHLF)","EJDCNGBEICB.txt","5995","rooms/{0}/subrooms/{1}/data"
"rooms","EJDCNGBEICB","RecRoom.Async.IPromise`1<System.Collections.Generic.List`1<DHOCPFIOKHD>> HAMBEABEIOC(System.Int64 HNHLJONGKHB, System.Int64 FODGKNJIGOP)","EJDCNGBEICB.txt","1190","rooms/{0}/subrooms/{1}/datahistory"
"rooms","EJDCNGBEICB","RecRoom.Async.IPromise`1<PPENFJMFPNE> AEBGMLMMKOJ(System.Int64 HNHLJONGKHB, System.Int64 FODGKNJIGOP, System.Int32 FFAGIDMFPIF)","EJDCNGBEICB.txt","5235","rooms/{0}/subrooms/{1}/maxplayers"
"rooms","EJDCNGBEICB","RecRoom.Async.IPromise`1<PPENFJMFPNE> JGMMJMHLHBO(System.Int64 HNHLJONGKHB, System.Int64 FODGKNJIGOP, System.String MMBOKOLAJFH, DPLPMKMFMPB PONCIIJOHIE, System.Int32 FFAGIDMFPIF)","EJDCNGBEICB.txt","6443","rooms/{0}/subrooms/{1}/modify"
"rooms","EJDCNGBEICB","RecRoom.Async.IPromise`1<PPENFJMFPNE> OHHAFAIEFHP(System.Int64 HNHLJONGKHB, System.Int64 FODGKNJIGOP, System.Nullable`1<System.Int64> PAJMLPFMBEJ)","EJDCNGBEICB.txt","5709","rooms/{0}/subrooms/{1}/move"
"rooms","EJDCNGBEICB","RecRoom.Async.IPromise`1<PPENFJMFPNE> PAENPJCDLNJ(System.Int64 HNHLJONGKHB, System.Int64 FODGKNJIGOP, System.String MMBOKOLAJFH)","EJDCNGBEICB.txt","5099","rooms/{0}/subrooms/{1}/name"
"rooms","EJDCNGBEICB","RecRoom.Async.IPromise`1<PPENFJMFPNE> BBGBOCGJFOP(System.Int64 HNHLJONGKHB, System.Int64 FODGKNJIGOP, System.String MEIIMAIGBJD)","EJDCNGBEICB.txt","6133","rooms/{0}/subrooms/{1}/restoredata"
"rooms","EJDCNGBEICB","RecRoom.Async.IPromise`1<PPENFJMFPNE> ENGFFJGIEGH(System.Int64 HNHLJONGKHB, System.Collections.Generic.IReadOnlyList`1<System.String> LBAOCHFCLPO, System.Collections.Generic.IReadOnlyList`1<System.String> CAFPJPHILMN)","EJDCNGBEICB.txt","3384","rooms/{0}/tags"
"rooms","EJDCNGBEICB","RecRoom.Async.IPromise`1<PPENFJMFPNE> PKDCMMFILPB(System.Int64 HNHLJONGKHB, System.Boolean NFJINCPDPDG)","EJDCNGBEICB.txt","4270","rooms/{0}/voice_chat_encryption"
"rooms","EJDCNGBEICB","RecRoom.Async.IPromise`1<PPENFJMFPNE> NPACFDBCHDP(System.Int64 HNHLJONGKHB, GPDIAKNEBKH LEFPAAGGFFA, System.String NLEBEKDHJIJ)","EJDCNGBEICB.txt","3510","rooms/{0}/warning"
"rooms","EJDCNGBEICB","RecRoom.Async.IPromise`1<System.Collections.Generic.List`1<KLCOGEIGEBJ>> LMEPPFGPHLA()","EJDCNGBEICB.txt","784","rooms/base"
"rooms","EJDCNGBEICB","RecRoom.Async.IPromise`1<System.Collections.Generic.List`1<KLCOGEIGEBJ>> JPNBCKICJIH(System.Collections.Generic.IReadOnlyList`1<System.Int64> HJLOFEGEMHE)","EJDCNGBEICB.txt","319","rooms/bulk"
"rooms","EJDCNGBEICB","RecRoom.Async.IPromise`1<System.Collections.Generic.List`1<KLCOGEIGEBJ>> JPNBCKICJIH(System.Collections.Generic.IReadOnlyList`1<System.String> GDDBDIJIBCO)","EJDCNGBEICB.txt","491","rooms/bulk"
"rooms","EJDCNGBEICB","RecRoom.Async.IPromise`1<System.Collections.Generic.List`1<KLCOGEIGEBJ>> GBMMJLHIDOK()","EJDCNGBEICB.txt","940","rooms/cheeredby/me"
"rooms","EJDCNGBEICB","RecRoom.Async.IPromise`1<System.Collections.Generic.List`1<KLCOGEIGEBJ>> OGIHJJDNPKJ(System.Int32 GKLPIFBPGOD)","EJDCNGBEICB.txt","1073","rooms/createdby/{0}"
"rooms","EJDCNGBEICB","RecRoom.Async.IPromise`1<System.Collections.Generic.List`1<KLCOGEIGEBJ>> MIMNJGKEGMF()","EJDCNGBEICB.txt","823","rooms/createdby/me"
"rooms","EJDCNGBEICB","RecRoom.Async.IPromise`1<System.Collections.Generic.List`1<KLCOGEIGEBJ>> AFOLHKGPMOC()","EJDCNGBEICB.txt","979","rooms/favoritedby/me"
"rooms","EJDCNGBEICB","RecRoom.Async.IPromise`1<IDLBPALJJDJ> DLPLPKCNLNA(System.Collections.Generic.IReadOnlyList`1<System.String> CAFPJPHILMN)","EJDCNGBEICB.txt","1601","rooms/hot"
"rooms","EJDCNGBEICB","RecRoom.Async.IPromise`1<System.Collections.Generic.List`1<KLCOGEIGEBJ>> IMKAAIEFGIG()","EJDCNGBEICB.txt","901","rooms/moderatedby/me"
"rooms","EJDCNGBEICB","RecRoom.Async.IPromise`1<System.Collections.Generic.List`1<KLCOGEIGEBJ>> FNMNFLFIBJG()","EJDCNGBEICB.txt","862","rooms/ownedby/me"
"rooms","EJDCNGBEICB","RecRoom.Async.IPromise`1<System.Collections.Generic.List`1<ANNKHNFLMNP>> JDKLBNBIEAH(AMBEPDPIBPA NLNJMJGOKFI, System.Int16 NJJLKKLALND)","EJDCNGBEICB.txt","1430","rooms/recommendations"
"rooms","EJDCNGBEICB","RecRoom.Async.IPromise`1<System.Collections.Generic.List`1<System.Int64>> JDMBPCJDEMF()","EJDCNGBEICB.txt","1119","rooms/rro_ids"
"rooms","EJDCNGBEICB","RecRoom.Async.IPromise`1<IDLBPALJJDJ> IAAKGMOGLFN(System.String CNBKKCJAHPP)","EJDCNGBEICB.txt","1516","rooms/search"
"rooms","EJDCNGBEICB","RecRoom.Async.IPromise`1<System.Collections.Generic.List`1<KLCOGEIGEBJ>> INKFBOEEKDA()","EJDCNGBEICB.txt","1018","rooms/visitedby/me"
"rooms","OJMCBOKJFOF","RecRoom.Async.IPromise`1<System.Collections.Generic.IReadOnlyList`1<KLCOGEIGEBJ>> IAAKGMOGLFN(System.String CNBKKCJAHPP)","OJMCBOKJFOF.txt","3064","search_rooms/"
"rooms","OJMCBOKJFOF+PEBCIEAPGON","System.String IAAKGMOGLFN(System.String CNBKKCJAHPP)","OJMCBOKJFOF_NestedType_PEBCIEAPGON.txt","76","search_rooms/"
"rooms","OJMCBOKJFOF","RecRoom.Async.IPromise`1<System.Collections.Generic.IReadOnlyList`1<MKAMHOIHOJK>> HFHDFLDCIEM(System.String CNBKKCJAHPP)","OJMCBOKJFOF.txt","4567","search_roomsandplaylists/"
"rooms","OJMCBOKJFOF+PEBCIEAPGON","System.String HFHDFLDCIEM(System.String CNBKKCJAHPP)","OJMCBOKJFOF_NestedType_PEBCIEAPGON.txt","158","search_roomsandplaylists/"