"Build","Type","Method","File","Line","String"
"2020.03 archive literal","stringliteral.json","","Il2CppDump\stringliteral.json",,". If this persists, please contact the developers at support@recroom.com."
"2020.03 archive literal","stringliteral.json","","Il2CppDump\stringliteral.json",,". If this persists, please contact us at tokens@recroom.com."
"2020.03 archive literal","stringliteral.json","","Il2CppDump\stringliteral.json",,". Please contact us at conduct@recroom.com"
"2020.03 archive literal","stringliteral.json","","Il2CppDump\stringliteral.json",,".rec.net"
"2020.03 archive literal","stringliteral.json","","Il2CppDump\stringliteral.json",,"/api/playerReputation/v1/{0}"
"2020.03 archive literal","stringliteral.json","","Il2CppDump\stringliteral.json",,"/api/playerReputation/v1/bulk"
"2020.03 archive literal","stringliteral.json","","Il2CppDump\stringliteral.json",,"/api/players/v1/progression/{0}"
"2020.03 archive literal","stringliteral.json","","Il2CppDump\stringliteral.json",,"/api/players/v1/progression/bulk"
"2020.03 archive literal","stringliteral.json","","Il2CppDump\stringliteral.json",,"/config/{0}"
"2020.03 archive literal","stringliteral.json","","Il2CppDump\stringliteral.json",,"/data/{0}"
"2020.03 archive literal","stringliteral.json","","Il2CppDump\stringliteral.json",,"/images/Demo/"
"2020.03 archive literal","stringliteral.json","","Il2CppDump\stringliteral.json",,"/invention/{0}"
"2020.03 archive literal","stringliteral.json","","Il2CppDump\stringliteral.json",,"/room/"
"2020.03 archive literal","stringliteral.json","","Il2CppDump\stringliteral.json",,"/room/{0}"
"2020.03 archive literal","stringliteral.json","","Il2CppDump\stringliteral.json",,"A moderator has activated junior status on this account. Junior accounts support players 12 or younger. Please enter a parent / guardian?s email or contact conduct@recroom.com to appeal."
"2020.03 archive literal","stringliteral.json","","Il2CppDump\stringliteral.json",,"Contact support@recroom.com if this continues"
"2020.03 archive literal","stringliteral.json","","Il2CppDump\stringliteral.json",,"Error code FROSTBITE. Please contact support@recroom.com"
"2020.03 archive literal","stringliteral.json","","Il2CppDump\stringliteral.json",,"Error copying room. If this persists, please contact the developers at support@recroom.com."
"2020.03 archive literal","stringliteral.json","","Il2CppDump\stringliteral.json",,"Error creating room. If this persists, please contact the developers at support@recroom.com."
"2020.03 archive literal","stringliteral.json","","Il2CppDump\stringliteral.json",,"Error modifying room: {0}. If this persists, please contact the developers at support@recroom.com."
"2020.03 archive literal","stringliteral.json","","Il2CppDump\stringliteral.json",,"Error modifying tags. If this persists, please contact the developers at support@recroom.com."
"2020.03 archive literal","stringliteral.json","","Il2CppDump\stringliteral.json",,"Error purchasing item. Please contact support@recroom.com if this persists."
"2020.03 archive literal","stringliteral.json","","Il2CppDump\stringliteral.json",,"Error purchasing items. Please contact support@recroom.com if this persists."
"2020.03 archive literal","stringliteral.json","","Il2CppDump\stringliteral.json",,"Error updating invention. If this persists, please contact us at support@recroom.com"
"2020.03 archive literal","stringliteral.json","","Il2CppDump\stringliteral.json",,"Error updating room image. If this persists, please contact us at support@recroom.com"
"2020.03 archive literal","stringliteral.json","","Il2CppDump\stringliteral.json",,"Error updating. If this persists, please contact the developers at support@recroom.com."
"2020.03 archive literal","stringliteral.json","","Il2CppDump\stringliteral.json",,"Error: Please contact us at conduct@recroom.com"
"2020.03 archive literal","stringliteral.json","","Il2CppDump\stringliteral.json",,"Error: This event is under moderation review. Contact conduct@recroom.com"
"2020.03 archive literal","stringliteral.json","","Il2CppDump\stringliteral.json",,"Error: You have a room under moderation review. Contact conduct@recroom.com"
"2020.03 archive literal","stringliteral.json","","Il2CppDump\stringliteral.json",,"Failed to copy room. You have a room under moderation review. Contact conduct@recroom.com"
"2020.03 archive literal","stringliteral.json","","Il2CppDump\stringliteral.json",,"Failed to import. Please contact us at conduct@recroom.com"
"2020.03 archive literal","stringliteral.json","","Il2CppDump\stringliteral.json",,"Failed to modify room. You have a room under moderation review. Contact conduct@recroom.com"
"2020.03 archive literal","stringliteral.json","","Il2CppDump\stringliteral.json",,"Failed to room ban. Error code: {0}
If this persists, please email support@recroom.com."
"2020.03 archive literal","stringliteral.json","","Il2CppDump\stringliteral.json",,"Failed to room ban. Please contact us at conduct@recroom.com"
"2020.03 archive literal","stringliteral.json","","Il2CppDump\stringliteral.json",,"Failed to unban. Error code: {0}
If this persists, please email support@recroom.com."
"2020.03 archive literal","stringliteral.json","","Il2CppDump\stringliteral.json",,"Failed to update image. You have a room under moderation review. Email conduct@recroom.com"
"2020.03 archive literal","stringliteral.json","","Il2CppDump\stringliteral.json",,"Failed to update. Error code: {0}
If this persists, please email support@recroom.com."
"2020.03 archive literal","stringliteral.json","","Il2CppDump\stringliteral.json",,"Failed to update. Please contact us at conduct@recroom.com"
"2020.03 archive literal","stringliteral.json","","Il2CppDump\stringliteral.json",,"Failed to update. You have a room under moderation review. Contact conduct@recroom.com"
"2020.03 archive literal","stringliteral.json","","Il2CppDump\stringliteral.json",,"For more information, please contact conduct@recroom.com."
"2020.03 archive literal","stringliteral.json","","Il2CppDump\stringliteral.json",,"http://"
"2020.03 archive literal","stringliteral.json","","Il2CppDump\stringliteral.json",,"http://localhost/"
"2020.03 archive literal","stringliteral.json","","Il2CppDump\stringliteral.json",,"http://ns.exitgames.com:80/photon/n"
"2020.03 archive literal","stringliteral.json","","Il2CppDump\stringliteral.json",,"http://offline/"
"2020.03 archive literal","stringliteral.json","","Il2CppDump\stringliteral.json",,"http://schemas.microsoft.com/clr/assem/"
"2020.03 archive literal","stringliteral.json","","Il2CppDump\stringliteral.json",,"http://schemas.microsoft.com/clr/ns/"
"2020.03 archive literal","stringliteral.json","","Il2CppDump\stringliteral.json",,"http://schemas.microsoft.com/clr/nsassem/"
"2020.03 archive literal","stringliteral.json","","Il2CppDump\stringliteral.json",,"http://www.google.com/generate_204"
"2020.03 archive literal","stringliteral.json","","Il2CppDump\stringliteral.json",,"http://www.w3.org/2000/09/xmldsig#dsa-sha1"
"2020.03 archive literal","stringliteral.json","","Il2CppDump\stringliteral.json",,"http://www.w3.org/2000/09/xmldsig#rsa-sha1"
"2020.03 archive literal","stringliteral.json","","Il2CppDump\stringliteral.json",,"http://www.w3.org/2000/09/xmldsig#sha1"
"2020.03 archive literal","stringliteral.json","","Il2CppDump\stringliteral.json",,"http://www.w3.org/2000/xmlns/"
"2020.03 archive literal","stringliteral.json","","Il2CppDump\stringliteral.json",,"http://www.w3.org/2001/04/xmldsig-more#hmac-ripemd160"
"2020.03 archive literal","stringliteral.json","","Il2CppDump\stringliteral.json",,"http://www.w3.org/2001/04/xmldsig-more#hmac-sha256"
"2020.03 archive literal","stringliteral.json","","Il2CppDump\stringliteral.json",,"http://www.w3.org/2001/04/xmldsig-more#hmac-sha384"
"2020.03 archive literal","stringliteral.json","","Il2CppDump\stringliteral.json",,"http://www.w3.org/2001/04/xmldsig-more#hmac-sha512"
"2020.03 archive literal","stringliteral.json","","Il2CppDump\stringliteral.json",,"http://www.w3.org/2001/04/xmldsig-more#rsa-sha256"
"2020.03 archive literal","stringliteral.json","","Il2CppDump\stringliteral.json",,"http://www.w3.org/2001/04/xmldsig-more#rsa-sha384"
"2020.03 archive literal","stringliteral.json","","Il2CppDump\stringliteral.json",,"http://www.w3.org/2001/04/xmldsig-more#rsa-sha512"
"2020.03 archive literal","stringliteral.json","","Il2CppDump\stringliteral.json",,"http://www.w3.org/2001/04/xmldsig-more#sha384"
"2020.03 archive literal","stringliteral.json","","Il2CppDump\stringliteral.json",,"http://www.w3.org/2001/04/xmlenc#sha256"
"2020.03 archive literal","stringliteral.json","","Il2CppDump\stringliteral.json",,"http://www.w3.org/2001/04/xmlenc#sha512"
"2020.03 archive literal","stringliteral.json","","Il2CppDump\stringliteral.json",,"http://www.w3.org/2001/XMLSchema"
"2020.03 archive literal","stringliteral.json","","Il2CppDump\stringliteral.json",,"http://www.w3.org/2001/XMLSchema-instance"
"2020.03 archive literal","stringliteral.json","","Il2CppDump\stringliteral.json",,"http://www.w3.org/2003/11/xpath-datatypes"
"2020.03 archive literal","stringliteral.json","","Il2CppDump\stringliteral.json",,"http://www.w3.org/XML/1998/namespace"
"2020.03 archive literal","stringliteral.json","","Il2CppDump\stringliteral.json",,"https://api.amplitude.com/httpapi"
"2020.03 archive literal","stringliteral.json","","Il2CppDump\stringliteral.json",,"https://api.amplitude.com/identify"
"2020.03 archive literal","stringliteral.json","","Il2CppDump\stringliteral.json",,"https://besthttpdemosite.azurewebsites.net"
"2020.03 archive literal","stringliteral.json","","Il2CppDump\stringliteral.json",,"https://clips.vorwaerts-gmbh.de/big_buck_bunny.mp4"
"2020.03 archive literal","stringliteral.json","","Il2CppDump\stringliteral.json",,"https://graph.oculus.com/me?access_token="
"2020.03 archive literal","stringliteral.json","","Il2CppDump\stringliteral.json",,"https://ns.rec.net/?v=2"
"2020.03 archive literal","stringliteral.json","","Il2CppDump\stringliteral.json",,"https://rec.net"
"2020.03 archive literal","stringliteral.json","","Il2CppDump\stringliteral.json",,"https://rec.net/password/recover"
"2020.03 archive literal","stringliteral.json","","Il2CppDump\stringliteral.json",,"https://recroom.com/code-of-conduct"
"2020.03 archive literal","stringliteral.json","","Il2CppDump\stringliteral.json",,"https://recroom.happyfox.com/home"
"2020.03 archive literal","stringliteral.json","","Il2CppDump\stringliteral.json",,"https://recroom.happyfox.com/kb/article/43-custom-rooms-tools-and-tutorials"
"2020.03 archive literal","stringliteral.json","","Il2CppDump\stringliteral.json",,"https://uk3.testmy.net/dl-102400"
"2020.03 archive literal","stringliteral.json","","Il2CppDump\stringliteral.json",,"https://unionassets.com/ios-deploy"
"2020.03 archive literal","stringliteral.json","","Il2CppDump\stringliteral.json",,"https://unionassets.com/ios-native-pro/manual"
"2020.03 archive literal","stringliteral.json","","Il2CppDump\stringliteral.json",,"https://www.instagram.com/recroom/"
"2020.03 archive literal","stringliteral.json","","Il2CppDump\stringliteral.json",,"https://www.recroom.com/comfortandsafety"
"2020.03 archive literal","stringliteral.json","","Il2CppDump\stringliteral.json",,"https://www.recroom.com/community/"
"2020.03 archive literal","stringliteral.json","","Il2CppDump\stringliteral.json",,"https://www.recroom.com/privacy-policy/"
"2020.03 archive literal","stringliteral.json","","Il2CppDump\stringliteral.json",,"If this persists, please contact support@recroom.com"
"2020.03 archive literal","stringliteral.json","","Il2CppDump\stringliteral.json",,"One of you events is under moderation review. Contact conduct@recroom.com"
"2020.03 archive literal","stringliteral.json","","Il2CppDump\stringliteral.json",,"Oops! An error has occured.

If this persists, please contact us at support@recroom.com"
"2020.03 archive literal","stringliteral.json","","Il2CppDump\stringliteral.json",,"Rename failed: {0}. If this persists, please contact support@recroom.com"
"2020.03 archive literal","stringliteral.json","","Il2CppDump\stringliteral.json",,"Room is not active. conduct@recroom.com"
"2020.03 archive literal","stringliteral.json","","Il2CppDump\stringliteral.json",,"Room is not active. Contact us at support@recroom.com"
"2020.03 archive literal","stringliteral.json","","Il2CppDump\stringliteral.json",,"Room is under review. Contact us at conduct@recroom.com"
"2020.03 archive literal","stringliteral.json","","Il2CppDump\stringliteral.json",,"Shared on www.rec.net"
"2020.03 archive literal","stringliteral.json","","Il2CppDump\stringliteral.json",,"Unable to save selection as invention. If this persists, please contact the developers at support@recroom.com."
"2020.03 archive literal","stringliteral.json","","Il2CppDump\stringliteral.json",,"Unable to update invention. If this persists, please contact the developers at support@recroom.com."
"2020.03 archive literal","stringliteral.json","","Il2CppDump\stringliteral.json",,"Unknown error. If this persists, please contact the developers at support@recroom.com."
"2020.03 archive literal","stringliteral.json","","Il2CppDump\stringliteral.json",,"ws://"
"2020.03 archive literal","stringliteral.json","","Il2CppDump\stringliteral.json",,"ws://{0}:{1}"
"2020.03 archive literal","stringliteral.json","","Il2CppDump\stringliteral.json",,"wss://"
"2020.03 archive literal","stringliteral.json","","Il2CppDump\stringliteral.json",,"wss://{0}:{1}"
"2020.03 archive literal","stringliteral.json","","Il2CppDump\stringliteral.json",,"wss://echo.websocket.org"
"2020.03 archive literal","stringliteral.json","","Il2CppDump\stringliteral.json",,"You are banned for {0}. For any questions contact support@recroom.com"
"2020.03 archive literal","stringliteral.json","","Il2CppDump\stringliteral.json",,"Your account is in timeout. Conduct@recroom.com"
"2020.12.18 ISIL","AGUI.StackedUI.StorePurchaseSkuScreen","System.Void EOLEDECNKDH(System.String JJGHIEJCCDA, System.String AIPBOMLEOND)","AGUI\StackedUI\StorePurchaseSkuScreen.txt","1216",". If this persists, please contact us at tokens@recroom.com."
"2020.12.18 ISIL","EBAIPNMBKLK","RecRoom.Async.IPromise`1<JGEBJEJLNBK> JNLDMDCGHHJ(System.Int32 GKLPIFBPGOD)","EBAIPNMBKLK.txt","1231","/api/playerReputation/v1/{0}"
"2020.12.18 ISIL","EBAIPNMBKLK","RecRoom.Async.IPromise`1<System.Collections.Generic.List`1<JGEBJEJLNBK>> KGPDFJMKJKL(System.Collections.Generic.List`1<System.Int32> ILNGMAANNDG)","EBAIPNMBKLK.txt","1631","/api/playerReputation/v1/bulk"
"2020.12.18 ISIL","ACJLCBNBJDK","RecRoom.Async.IPromise`1<NFMBDLEJEDD> AAGPDEDFCNI(System.Int32 GKLPIFBPGOD)","ACJLCBNBJDK.txt","1673","/api/players/v1/progression/{0}"
"2020.12.18 ISIL","ACJLCBNBJDK","RecRoom.Async.IPromise`1<System.Collections.Generic.List`1<NFMBDLEJEDD>> MCFMHADBDBI(System.Collections.Generic.List`1<System.Int32> ILNGMAANNDG)","ACJLCBNBJDK.txt","2051","/api/players/v1/progression/bulk"
"2020.12.18 ISIL","GNPDMBPGHBH","RecRoom.Async.IPromise`1<System.Collections.Generic.List`1<CCMBKDINCAH>> DMHOIAJGABC(System.Collections.Generic.IReadOnlyList`1<System.Int64> JOGAGJIPEDN)","GNPDMBPGHBH.txt","2388","/bulk"
"2020.12.18 ISIL","GNPDMBPGHBH+MKCNPHKGFDM","RecRoom.Async.IPromise`1<System.Collections.Generic.List`1<CCMBKDINCAH>> <GetEventsByIds>b__1(System.String uri)","GNPDMBPGHBH_NestedType_MKCNPHKGFDM.txt","138","/bulk"
"2020.12.18 ISIL","FHLGJDFHOKL","RecRoom.Async.IPromise MCDNGDMJHBE()","FHLGJDFHOKL.txt","502","/config/{0}"
"2020.12.18 ISIL","COFHGNFJMOG","RecRoom.Async.IPromise`1<PLDFOPCHHJG> HDLJGFEDGLH(System.String ENJEOLBEALP, System.Nullable`1<System.Int32> LNBJKLOINED)","COFHGNFJMOG.txt","1242","/consume"
"2020.12.18 ISIL","KELEPAPMOGK+CJACMOFOFKJ","RecRoom.Async.IPromise`1<KELEPAPMOGK+LEKKFHBPBAB> <GetData>b__0()","KELEPAPMOGK_NestedType_CJACMOFOFKJ.txt","187","/data/{0}"
"2020.12.18 ISIL","BBHENFCNLAB+NBDMFFEGNGJ","RecRoom.Async.IPromise`1<System.Byte[]> <GetInventionData>b__0()","BBHENFCNLAB_NestedType_NBDMFFEGNGJ.txt","207","/invention/{0}"
"2020.12.18 ISIL","OJMCBOKJFOF+BPPECKDOINI","RecRoom.Async.IPromise`1<System.Byte[]> <GetRoomData>b__0()","OJMCBOKJFOF_NestedType_BPPECKDOINI.txt","206","/room/"
"2020.12.18 ISIL","KHGPLGBHIAH","System.Void PPOCPFGCALB(LGFHFDMDJKK GIGKODMKKHJ, System.Action`2<System.Single, System.Single> DFPGDEOCNIH, System.Action`2<System.Boolean, LGFHFDMDJKK> AFLPGGJMPOE)","KHGPLGBHIAH.txt","2838","{0}/api/userreporting"
"2020.12.18 ISIL","AGUI.StackedUI.StorePurchaseSkuScreen","System.Void CMCFMHIDHKC(System.String MOPOMPHBHKF)","AGUI\StackedUI\StorePurchaseSkuScreen.txt","2276","An error occurred while trying to process your purchase. If this persists, please contact us at tokens@recroom.com."
"2020.12.18 ISIL","BPHGKAEDBPE","System.Void HKHMDLBEHII(NEBIGEDJGPP NAEOJENNACH, HOOILIHKMEG MAOOLFEBOOD, RecRoom.Async.Promise MCINMMCGJML)","BPHGKAEDBPE.txt","3896","http://www.google.com/generate_204"
"2020.12.18 ISIL","AmplitudeAnalytics.AmplitudeAnalyticsClient","RecRoom.Async.IPromise LogOutOfSessionEvent(CCNBJFOPLBG EMGIIALFJEK)","AmplitudeAnalytics\AmplitudeAnalyticsClient.txt","3409","https://api2.amplitude.com/httpapi"
"2020.12.18 ISIL","IOSPlatformManager","RecRoom.Async.IPromise ShowManageSubscriptionPlatformUI()","IOSPlatformManager.txt","4865","https://apps.apple.com/account/subscriptions"
"2020.12.18 ISIL","AGUI.StackedUI.MembershipBenefitsScreen","System.Void Button_Details()","AGUI\StackedUI\MembershipBenefitsScreen.txt","3840","https://recroom.com/recroomplus"
"2020.12.18 ISIL","FeaturedCreatorBulletinBoardUI","System.Void Button_HowToBuild()","FeaturedCreatorBulletinBoardUI.txt","1096","https://recroom.happyfox.com/kb/article/43-custom-rooms-tools-and-tutorials"
"2020.12.18 ISIL","SettingsWatchUIFlow","System.Void Button_iOSGamepadInstructionsPage()","SettingsWatchUIFlow.txt","11647","https://support.apple.com/en-us/HT210414"
"2020.12.18 ISIL","PDEDCLFAOKJ","KHGPLGBHIAH KEABPBDEIHL()","PDEDCLFAOKJ.txt","98","https://userreporting.cloud.unity3d.com"
"2020.12.18 ISIL","PDEDCLFAOKJ","System.Void DBHENALNJLF()","PDEDCLFAOKJ.txt","590","https://userreporting.cloud.unity3d.com"
"2020.12.18 ISIL","PDEDCLFAOKJ","System.Void DBHENALNJLF(GFHAIDKLNFD FPMCLJDEGKL)","PDEDCLFAOKJ.txt","842","https://userreporting.cloud.unity3d.com"
"2020.12.18 ISIL","PDEDCLFAOKJ","System.Void DBHENALNJLF(GFHAIDKLNFD FPMCLJDEGKL, MKFJEECKPEM EODOKLCLHJJ)","PDEDCLFAOKJ.txt","775","https://userreporting.cloud.unity3d.com"
"2020.12.18 ISIL","PDEDCLFAOKJ","System.Void DBHENALNJLF(MKFJEECKPEM EODOKLCLHJJ)","PDEDCLFAOKJ.txt","668","https://userreporting.cloud.unity3d.com"
"2020.12.18 ISIL","PDEDCLFAOKJ","System.Void DBHENALNJLF(System.String IPNNGIACMAE)","PDEDCLFAOKJ.txt","502","https://userreporting.cloud.unity3d.com"
"2020.12.18 ISIL","PDEDCLFAOKJ","System.Void DBHENALNJLF(System.String IPNNGIACMAE, GFHAIDKLNFD FPMCLJDEGKL, MKFJEECKPEM EODOKLCLHJJ)","PDEDCLFAOKJ.txt","722","https://userreporting.cloud.unity3d.com"
"2020.12.18 ISIL","PDEDCLFAOKJ","System.Void DBHENALNJLF(System.String IPNNGIACMAE, MKFJEECKPEM EODOKLCLHJJ)","PDEDCLFAOKJ.txt","418","https://userreporting.cloud.unity3d.com"
"2020.12.18 ISIL","UserReportingScript","System.Void Start()","UserReportingScript.txt","1174","https://userreporting.cloud.unity3d.com/api/userreporting/projects/{0}/ping"
"2020.12.18 ISIL","InstagramBulletinBoardUI","System.Void Button_RecRoomOnInstagram()","InstagramBulletinBoardUI.txt","1009","https://www.instagram.com/recroom/"
"2020.12.18 ISIL","InstagramBulletinBoardUI","System.Void Button_ShareYourStuff()","InstagramBulletinBoardUI.txt","1052","https://www.recroom.com/community/"
"2020.12.18 ISIL","EJDCNGBEICB","RecRoom.Async.IPromise`1<BMFAGMFKODA> JBMCPFHGIMD(System.Int64 DDMPFMPILCE, System.Int64 HNHLJONGKHB)","EJDCNGBEICB.txt","7765","playlists/{0}/rooms/{1}"
"2020.12.18 ISIL","EJDCNGBEICB","RecRoom.Async.IPromise`1<BMFAGMFKODA> NLOEBFMNCFM(System.Int64 DDMPFMPILCE, System.Int64 HNHLJONGKHB)","EJDCNGBEICB.txt","7679","playlists/{0}/rooms/{1}"
"2020.12.18 ISIL","RecRoom.UI.BanDetailsBulletinBoardUI","System.Void KEFHKHKHABK(System.String KCDNNDGKINC)","RecRoom\UI\BanDetailsBulletinBoardUI.txt","898","Rec.Net ban appeal"
"2020.12.18 ISIL","EJDCNGBEICB","RecRoom.Async.IPromise`1<PPENFJMFPNE> HOPMJFDKPDL(System.Int64 HNHLJONGKHB, System.Int64 FODGKNJIGOP, System.String MEIIMAIGBJD, System.Collections.Generic.Dictionary`2<System.Int64, System.Int32> PNOBBNPJDLI, System.Int32 OMCLBIFCHLF)","EJDCNGBEICB.txt","5995","rooms/{0}/subrooms/{1}/data"
